			
			
			
State	Year-Quarter	Average Price	Median Price
US	2000Q1	"$151,780 "	"$125,839 "
US	2000Q2	"$156,640 "	"$129,682 "
US	2000Q3	"$159,992 "	"$132,229 "
US	2000Q4	"$162,280 "	"$133,976 "
US	2001Q1	"$165,042 "	"$136,041 "
US	2001Q2	"$169,103 "	"$139,396 "
US	2001Q3	"$172,401 "	"$142,066 "
US	2001Q4	"$173,836 "	"$143,273 "
US	2002Q1	"$176,125 "	"$145,167 "
US	2002Q2	"$181,932 "	"$149,971 "
US	2002Q3	"$186,200 "	"$153,684 "
US	2002Q4	"$188,517 "	"$156,064 "
US	2003Q1	"$190,666 "	"$158,276 "
US	2003Q2	"$195,968 "	"$162,913 "
US	2003Q3	"$200,897 "	"$167,241 "
US	2003Q4	"$204,227 "	"$170,483 "
US	2004Q1	"$207,787 "	"$173,706 "
US	2004Q2	"$216,736 "	"$181,368 "
US	2004Q3	"$223,330 "	"$187,454 "
US	2004Q4	"$228,014 "	"$191,738 "
US	2005Q1	"$233,540 "	"$196,792 "
US	2005Q2	"$243,226 "	"$205,493 "
US	2005Q3	"$251,246 "	"$212,611 "
US	2005Q4	"$255,357 "	"$216,396 "
US	2006Q1	"$258,060 "	"$218,853 "
US	2006Q2	"$263,336 "	"$223,234 "
US	2006Q3	"$264,185 "	"$223,897 "
US	2006Q4	"$262,391 "	"$222,314 "
US	2007Q1	"$260,655 "	"$220,729 "
US	2007Q2	"$261,131 "	"$220,901 "
US	2007Q3	"$257,231 "	"$217,340 "
US	2007Q4	"$248,203 "	"$209,444 "
US	2008Q1	"$239,418 "	"$201,688 "
US	2008Q2	"$235,779 "	"$198,428 "
US	2008Q3	"$229,532 "	"$193,009 "
US	2008Q4	"$218,349 "	"$183,464 "
US	2009Q1	"$211,055 "	"$177,236 "
US	2009Q2	"$212,347 "	"$178,376 "
US	2009Q3	"$213,983 "	"$179,773 "
US	2009Q4	"$212,810 "	"$178,813 "
US	2010Q1	"$208,507 "	"$175,150 "
US	2010Q2	"$214,594 "	"$180,176 "
AK	2000Q1	"$159,887 "	"$148,406 "
AK	2000Q2	"$166,115 "	"$153,989 "
AK	2000Q3	"$166,536 "	"$154,215 "
AK	2000Q4	"$165,892 "	"$153,208 "
AK	2001Q1	"$168,500 "	"$155,637 "
AK	2001Q2	"$173,264 "	"$159,871 "
AK	2001Q3	"$175,048 "	"$161,249 "
AK	2001Q4	"$177,433 "	"$163,249 "
AK	2002Q1	"$175,754 "	"$161,283 "
AK	2002Q2	"$181,469 "	"$166,536 "
AK	2002Q3	"$184,992 "	"$169,376 "
AK	2002Q4	"$185,335 "	"$169,719 "
AK	2003Q1	"$189,930 "	"$173,874 "
AK	2003Q2	"$191,422 "	"$174,999 "
AK	2003Q3	"$194,297 "	"$177,637 "
AK	2003Q4	"$197,648 "	"$180,618 "
AK	2004Q1	"$201,036 "	"$183,544 "
AK	2004Q2	"$208,921 "	"$190,242 "
AK	2004Q3	"$212,760 "	"$193,471 "
AK	2004Q4	"$215,168 "	"$195,223 "
AK	2005Q1	"$223,116 "	"$201,983 "
AK	2005Q2	"$230,912 "	"$209,140 "
AK	2005Q3	"$239,020 "	"$216,474 "
AK	2005Q4	"$240,658 "	"$218,128 "
AK	2006Q1	"$244,673 "	"$221,543 "
AK	2006Q2	"$253,254 "	"$229,771 "
AK	2006Q3	"$257,890 "	"$234,228 "
AK	2006Q4	"$257,267 "	"$233,691 "
AK	2007Q1	"$255,539 "	"$232,378 "
AK	2007Q2	"$266,963 "	"$242,723 "
AK	2007Q3	"$265,348 "	"$241,502 "
AK	2007Q4	"$261,806 "	"$238,102 "
AK	2008Q1	"$255,563 "	"$232,344 "
AK	2008Q2	"$262,607 "	"$238,788 "
AK	2008Q3	"$264,579 "	"$240,408 "
AK	2008Q4	"$255,108 "	"$231,877 "
AK	2009Q1	"$263,611 "	"$240,012 "
AK	2009Q2	"$263,559 "	"$240,542 "
AK	2009Q3	"$258,839 "	"$236,633 "
AK	2009Q4	"$258,650 "	"$236,921 "
AK	2010Q1	"$253,296 "	"$232,280 "
AK	2010Q2	"$263,931 "	"$241,750 "
AL	2000Q1	"$112,059 "	"$95,800 "
AL	2000Q2	"$113,114 "	"$96,711 "
AL	2000Q3	"$113,934 "	"$97,330 "
AL	2000Q4	"$114,645 "	"$97,757 "
AL	2001Q1	"$115,667 "	"$98,615 "
AL	2001Q2	"$117,095 "	"$99,973 "
AL	2001Q3	"$117,692 "	"$100,372 "
AL	2001Q4	"$118,598 "	"$100,980 "
AL	2002Q1	"$119,181 "	"$101,424 "
AL	2002Q2	"$120,692 "	"$102,659 "
AL	2002Q3	"$122,459 "	"$104,145 "
AL	2002Q4	"$123,770 "	"$105,227 "
AL	2003Q1	"$125,190 "	"$106,260 "
AL	2003Q2	"$126,787 "	"$107,473 "
AL	2003Q3	"$129,213 "	"$109,365 "
AL	2003Q4	"$129,937 "	"$109,838 "
AL	2004Q1	"$130,044 "	"$109,873 "
AL	2004Q2	"$133,034 "	"$112,193 "
AL	2004Q3	"$136,217 "	"$114,711 "
AL	2004Q4	"$138,186 "	"$116,313 "
AL	2005Q1	"$140,834 "	"$118,309 "
AL	2005Q2	"$144,961 "	"$121,646 "
AL	2005Q3	"$147,957 "	"$124,018 "
AL	2005Q4	"$151,382 "	"$126,962 "
AL	2006Q1	"$155,206 "	"$130,112 "
AL	2006Q2	"$159,045 "	"$133,237 "
AL	2006Q3	"$160,028 "	"$133,947 "
AL	2006Q4	"$160,952 "	"$134,610 "
AL	2007Q1	"$161,963 "	"$135,430 "
AL	2007Q2	"$163,890 "	"$136,979 "
AL	2007Q3	"$163,822 "	"$136,877 "
AL	2007Q4	"$161,288 "	"$134,748 "
AL	2008Q1	"$160,548 "	"$134,181 "
AL	2008Q2	"$161,279 "	"$134,868 "
AL	2008Q3	"$159,344 "	"$133,276 "
AL	2008Q4	"$155,396 "	"$130,043 "
AL	2009Q1	"$153,833 "	"$128,671 "
AL	2009Q2	"$157,640 "	"$131,862 "
AL	2009Q3	"$156,953 "	"$131,482 "
AL	2009Q4	"$155,248 "	"$130,176 "
AL	2010Q1	"$150,343 "	"$126,515 "
AL	2010Q2	"$153,099 "	"$128,969 "
AR	2000Q1	"$90,979 "	"$78,522 "
AR	2000Q2	"$93,186 "	"$80,344 "
AR	2000Q3	"$92,914 "	"$79,967 "
AR	2000Q4	"$94,746 "	"$81,400 "
AR	2001Q1	"$95,404 "	"$81,758 "
AR	2001Q2	"$97,110 "	"$83,222 "
AR	2001Q3	"$98,921 "	"$84,697 "
AR	2001Q4	"$99,591 "	"$85,214 "
AR	2002Q1	"$101,069 "	"$86,337 "
AR	2002Q2	"$102,273 "	"$87,240 "
AR	2002Q3	"$104,539 "	"$89,150 "
AR	2002Q4	"$104,992 "	"$89,419 "
AR	2003Q1	"$107,365 "	"$91,427 "
AR	2003Q2	"$108,116 "	"$92,147 "
AR	2003Q3	"$110,615 "	"$94,125 "
AR	2003Q4	"$110,787 "	"$94,225 "
AR	2004Q1	"$113,078 "	"$95,914 "
AR	2004Q2	"$115,625 "	"$97,912 "
AR	2004Q3	"$117,440 "	"$99,408 "
AR	2004Q4	"$119,321 "	"$100,952 "
AR	2005Q1	"$122,707 "	"$103,854 "
AR	2005Q2	"$124,204 "	"$105,146 "
AR	2005Q3	"$127,871 "	"$108,296 "
AR	2005Q4	"$129,984 "	"$110,116 "
AR	2006Q1	"$131,260 "	"$111,259 "
AR	2006Q2	"$134,196 "	"$113,705 "
AR	2006Q3	"$135,559 "	"$114,829 "
AR	2006Q4	"$136,320 "	"$115,385 "
AR	2007Q1	"$137,348 "	"$116,286 "
AR	2007Q2	"$139,138 "	"$117,858 "
AR	2007Q3	"$139,900 "	"$118,435 "
AR	2007Q4	"$137,959 "	"$116,865 "
AR	2008Q1	"$137,698 "	"$116,835 "
AR	2008Q2	"$138,212 "	"$117,296 "
AR	2008Q3	"$138,416 "	"$117,772 "
AR	2008Q4	"$134,136 "	"$114,214 "
AR	2009Q1	"$133,810 "	"$114,314 "
AR	2009Q2	"$136,375 "	"$116,962 "
AR	2009Q3	"$138,435 "	"$119,079 "
AR	2009Q4	"$137,123 "	"$118,260 "
AR	2010Q1	"$134,990 "	"$116,762 "
AR	2010Q2	"$139,124 "	"$120,560 "
AZ	2000Q1	"$214,913 "	"$124,371 "
AZ	2000Q2	"$224,380 "	"$126,866 "
AZ	2000Q3	"$226,709 "	"$128,346 "
AZ	2000Q4	"$223,957 "	"$129,577 "
AZ	2001Q1	"$224,887 "	"$130,653 "
AZ	2001Q2	"$225,150 "	"$133,381 "
AZ	2001Q3	"$224,610 "	"$134,698 "
AZ	2001Q4	"$223,111 "	"$135,843 "
AZ	2002Q1	"$220,568 "	"$136,891 "
AZ	2002Q2	"$222,979 "	"$139,521 "
AZ	2002Q3	"$223,622 "	"$141,045 "
AZ	2002Q4	"$222,823 "	"$142,587 "
AZ	2003Q1	"$213,908 "	"$144,509 "
AZ	2003Q2	"$215,830 "	"$147,422 "
AZ	2003Q3	"$212,945 "	"$149,961 "
AZ	2003Q4	"$216,347 "	"$153,006 "
AZ	2004Q1	"$218,421 "	"$156,936 "
AZ	2004Q2	"$225,786 "	"$163,014 "
AZ	2004Q3	"$228,970 "	"$171,286 "
AZ	2004Q4	"$240,272 "	"$181,057 "
AZ	2005Q1	"$253,410 "	"$193,635 "
AZ	2005Q2	"$268,264 "	"$212,106 "
AZ	2005Q3	"$290,436 "	"$230,462 "
AZ	2005Q4	"$298,443 "	"$240,730 "
AZ	2006Q1	"$304,766 "	"$248,211 "
AZ	2006Q2	"$312,687 "	"$254,590 "
AZ	2006Q3	"$312,950 "	"$254,655 "
AZ	2006Q4	"$310,911 "	"$252,727 "
AZ	2007Q1	"$307,416 "	"$249,599 "
AZ	2007Q2	"$303,337 "	"$245,917 "
AZ	2007Q3	"$292,675 "	"$236,841 "
AZ	2007Q4	"$277,359 "	"$224,075 "
AZ	2008Q1	"$262,182 "	"$211,527 "
AZ	2008Q2	"$247,428 "	"$199,707 "
AZ	2008Q3	"$228,897 "	"$185,361 "
AZ	2008Q4	"$206,388 "	"$167,384 "
AZ	2009Q1	"$188,271 "	"$153,018 "
AZ	2009Q2	"$185,037 "	"$150,651 "
AZ	2009Q3	"$184,431 "	"$150,003 "
AZ	2009Q4	"$184,690 "	"$150,065 "
AZ	2010Q1	"$180,163 "	"$145,994 "
AZ	2010Q2	"$182,553 "	"$147,669 "
CA	2000Q1	"$276,912 "	"$211,595 "
CA	2000Q2	"$290,722 "	"$223,084 "
CA	2000Q3	"$300,271 "	"$229,931 "
CA	2000Q4	"$309,806 "	"$237,466 "
CA	2001Q1	"$318,995 "	"$244,646 "
CA	2001Q2	"$325,325 "	"$249,987 "
CA	2001Q3	"$330,684 "	"$254,421 "
CA	2001Q4	"$330,703 "	"$255,572 "
CA	2002Q1	"$339,346 "	"$262,824 "
CA	2002Q2	"$357,356 "	"$277,744 "
CA	2002Q3	"$369,879 "	"$289,038 "
CA	2002Q4	"$374,748 "	"$296,140 "
CA	2003Q1	"$379,330 "	"$303,065 "
CA	2003Q2	"$394,507 "	"$317,058 "
CA	2003Q3	"$411,213 "	"$332,306 "
CA	2003Q4	"$423,961 "	"$347,305 "
CA	2004Q1	"$443,938 "	"$366,422 "
CA	2004Q2	"$475,132 "	"$395,096 "
CA	2004Q3	"$497,120 "	"$418,315 "
CA	2004Q4	"$510,719 "	"$433,090 "
CA	2005Q1	"$529,718 "	"$452,599 "
CA	2005Q2	"$556,851 "	"$479,196 "
CA	2005Q3	"$579,640 "	"$501,917 "
CA	2005Q4	"$589,416 "	"$512,649 "
CA	2006Q1	"$596,236 "	"$519,231 "
CA	2006Q2	"$603,563 "	"$525,761 "
CA	2006Q3	"$599,305 "	"$522,192 "
CA	2006Q4	"$588,585 "	"$512,842 "
CA	2007Q1	"$578,003 "	"$503,230 "
CA	2007Q2	"$569,466 "	"$494,765 "
CA	2007Q3	"$548,889 "	"$475,656 "
CA	2007Q4	"$512,118 "	"$442,517 "
CA	2008Q1	"$471,624 "	"$405,886 "
CA	2008Q2	"$448,527 "	"$384,753 "
CA	2008Q3	"$422,404 "	"$361,489 "
CA	2008Q4	"$391,248 "	"$333,896 "
CA	2009Q1	"$365,775 "	"$311,624 "
CA	2009Q2	"$365,711 "	"$310,985 "
CA	2009Q3	"$375,271 "	"$318,326 "
CA	2009Q4	"$379,222 "	"$321,117 "
CA	2010Q1	"$378,054 "	"$319,578 "
CA	2010Q2	"$391,609 "	"$330,037 "
CO	2000Q1	"$190,942 "	"$163,616 "
CO	2000Q2	"$198,368 "	"$169,611 "
CO	2000Q3	"$204,332 "	"$174,371 "
CO	2000Q4	"$210,160 "	"$178,347 "
CO	2001Q1	"$221,643 "	"$183,643 "
CO	2001Q2	"$226,641 "	"$187,295 "
CO	2001Q3	"$231,101 "	"$190,554 "
CO	2001Q4	"$233,334 "	"$190,689 "
CO	2002Q1	"$236,851 "	"$192,898 "
CO	2002Q2	"$241,548 "	"$196,477 "
CO	2002Q3	"$243,229 "	"$197,892 "
CO	2002Q4	"$243,671 "	"$198,158 "
CO	2003Q1	"$244,913 "	"$198,887 "
CO	2003Q2	"$246,934 "	"$200,440 "
CO	2003Q3	"$248,362 "	"$201,568 "
CO	2003Q4	"$250,304 "	"$202,632 "
CO	2004Q1	"$251,612 "	"$203,287 "
CO	2004Q2	"$257,590 "	"$207,122 "
CO	2004Q3	"$261,198 "	"$209,025 "
CO	2004Q4	"$264,385 "	"$210,735 "
CO	2005Q1	"$268,028 "	"$213,186 "
CO	2005Q2	"$275,251 "	"$218,286 "
CO	2005Q3	"$278,998 "	"$220,478 "
CO	2005Q4	"$282,731 "	"$222,640 "
CO	2006Q1	"$279,350 "	"$223,424 "
CO	2006Q2	"$286,413 "	"$228,039 "
CO	2006Q3	"$289,508 "	"$230,041 "
CO	2006Q4	"$286,119 "	"$228,211 "
CO	2007Q1	"$283,502 "	"$226,029 "
CO	2007Q2	"$289,899 "	"$230,631 "
CO	2007Q3	"$288,748 "	"$229,393 "
CO	2007Q4	"$280,208 "	"$222,413 "
CO	2008Q1	"$275,143 "	"$217,986 "
CO	2008Q2	"$277,908 "	"$220,060 "
CO	2008Q3	"$274,087 "	"$216,946 "
CO	2008Q4	"$262,924 "	"$208,578 "
CO	2009Q1	"$260,835 "	"$206,775 "
CO	2009Q2	"$266,450 "	"$212,434 "
CO	2009Q3	"$267,654 "	"$214,867 "
CO	2009Q4	"$265,297 "	"$214,022 "
CO	2010Q1	"$260,061 "	"$210,270 "
CO	2010Q2	"$267,924 "	"$217,558 "
CT	2000Q1	"$222,994 "	"$177,600 "
CT	2000Q2	"$232,693 "	"$184,460 "
CT	2000Q3	"$238,864 "	"$188,702 "
CT	2000Q4	"$242,567 "	"$191,128 "
CT	2001Q1	"$244,284 "	"$191,731 "
CT	2001Q2	"$254,905 "	"$199,589 "
CT	2001Q3	"$260,897 "	"$203,895 "
CT	2001Q4	"$264,019 "	"$205,979 "
CT	2002Q1	"$265,029 "	"$206,535 "
CT	2002Q2	"$278,559 "	"$216,835 "
CT	2002Q3	"$287,216 "	"$223,295 "
CT	2002Q4	"$293,292 "	"$228,083 "
CT	2003Q1	"$295,721 "	"$229,696 "
CT	2003Q2	"$306,402 "	"$237,997 "
CT	2003Q3	"$315,952 "	"$245,492 "
CT	2003Q4	"$321,788 "	"$249,716 "
CT	2004Q1	"$326,995 "	"$253,119 "
CT	2004Q2	"$344,673 "	"$266,383 "
CT	2004Q3	"$356,236 "	"$275,526 "
CT	2004Q4	"$362,148 "	"$280,361 "
CT	2005Q1	"$368,197 "	"$285,928 "
CT	2005Q2	"$384,250 "	"$299,054 "
CT	2005Q3	"$395,439 "	"$308,286 "
CT	2005Q4	"$399,880 "	"$312,157 "
CT	2006Q1	"$399,128 "	"$312,162 "
CT	2006Q2	"$406,989 "	"$318,130 "
CT	2006Q3	"$405,356 "	"$317,297 "
CT	2006Q4	"$403,125 "	"$315,864 "
CT	2007Q1	"$399,419 "	"$312,416 "
CT	2007Q2	"$400,642 "	"$312,995 "
CT	2007Q3	"$401,470 "	"$312,818 "
CT	2007Q4	"$391,806 "	"$304,527 "
CT	2008Q1	"$375,896 "	"$292,013 "
CT	2008Q2	"$374,911 "	"$291,214 "
CT	2008Q3	"$372,316 "	"$288,765 "
CT	2008Q4	"$351,633 "	"$273,324 "
CT	2009Q1	"$335,496 "	"$261,498 "
CT	2009Q2	"$338,600 "	"$264,642 "
CT	2009Q3	"$344,310 "	"$269,084 "
CT	2009Q4	"$343,948 "	"$269,108 "
CT	2010Q1	"$326,239 "	"$255,298 "
CT	2010Q2	"$341,436 "	"$266,845 "
DC	2000Q1	"$207,696 "	"$157,089 "
DC	2000Q2	"$224,523 "	"$168,031 "
DC	2000Q3	"$231,585 "	"$171,273 "
DC	2000Q4	"$235,474 "	"$172,586 "
DC	2001Q1	"$238,373 "	"$172,733 "
DC	2001Q2	"$259,930 "	"$185,591 "
DC	2001Q3	"$276,665 "	"$194,994 "
DC	2001Q4	"$288,640 "	"$201,233 "
DC	2002Q1	"$294,188 "	"$202,531 "
DC	2002Q2	"$316,598 "	"$217,371 "
DC	2002Q3	"$326,902 "	"$224,497 "
DC	2002Q4	"$332,921 "	"$228,904 "
DC	2003Q1	"$339,415 "	"$233,615 "
DC	2003Q2	"$356,384 "	"$245,428 "
DC	2003Q3	"$372,072 "	"$256,332 "
DC	2003Q4	"$379,685 "	"$261,684 "
DC	2004Q1	"$377,444 "	"$261,677 "
DC	2004Q2	"$394,955 "	"$275,692 "
DC	2004Q3	"$410,597 "	"$288,600 "
DC	2004Q4	"$443,075 "	"$311,648 "
DC	2005Q1	"$444,610 "	"$318,140 "
DC	2005Q2	"$461,242 "	"$333,148 "
DC	2005Q3	"$470,168 "	"$343,910 "
DC	2005Q4	"$472,801 "	"$348,629 "
DC	2006Q1	"$476,376 "	"$355,898 "
DC	2006Q2	"$519,688 "	"$393,050 "
DC	2006Q3	"$534,748 "	"$409,645 "
DC	2006Q4	"$537,740 "	"$415,024 "
DC	2007Q1	"$539,249 "	"$419,726 "
DC	2007Q2	"$522,441 "	"$409,835 "
DC	2007Q3	"$534,480 "	"$421,280 "
DC	2007Q4	"$518,776 "	"$409,345 "
DC	2008Q1	"$513,559 "	"$407,150 "
DC	2008Q2	"$504,035 "	"$401,173 "
DC	2008Q3	"$496,906 "	"$396,890 "
DC	2008Q4	"$479,640 "	"$382,978 "
DC	2009Q1	"$468,019 "	"$372,519 "
DC	2009Q2	"$485,239 "	"$387,887 "
DC	2009Q3	"$491,199 "	"$392,080 "
DC	2009Q4	"$482,381 "	"$386,352 "
DC	2010Q1	"$475,001 "	"$379,016 "
DC	2010Q2	"$506,654 "	"$404,380 "
DE	2000Q1	"$151,961 "	"$136,614 "
DE	2000Q2	"$155,302 "	"$139,155 "
DE	2000Q3	"$158,733 "	"$142,120 "
DE	2000Q4	"$164,238 "	"$146,591 "
DE	2001Q1	"$165,672 "	"$147,554 "
DE	2001Q2	"$168,087 "	"$149,023 "
DE	2001Q3	"$171,656 "	"$151,665 "
DE	2001Q4	"$176,754 "	"$155,650 "
DE	2002Q1	"$178,957 "	"$157,275 "
DE	2002Q2	"$184,828 "	"$162,152 "
DE	2002Q3	"$193,184 "	"$168,761 "
DE	2002Q4	"$195,027 "	"$169,905 "
DE	2003Q1	"$199,070 "	"$173,078 "
DE	2003Q2	"$204,747 "	"$177,839 "
DE	2003Q3	"$210,306 "	"$182,071 "
DE	2003Q4	"$219,594 "	"$189,406 "
DE	2004Q1	"$225,558 "	"$193,058 "
DE	2004Q2	"$234,741 "	"$200,448 "
DE	2004Q3	"$246,142 "	"$209,603 "
DE	2004Q4	"$253,165 "	"$215,208 "
DE	2005Q1	"$256,786 "	"$218,020 "
DE	2005Q2	"$270,860 "	"$230,291 "
DE	2005Q3	"$280,466 "	"$238,631 "
DE	2005Q4	"$290,671 "	"$247,461 "
DE	2006Q1	"$293,790 "	"$250,061 "
DE	2006Q2	"$297,254 "	"$253,541 "
DE	2006Q3	"$302,427 "	"$258,431 "
DE	2006Q4	"$301,701 "	"$258,328 "
DE	2007Q1	"$294,958 "	"$252,952 "
DE	2007Q2	"$298,481 "	"$256,396 "
DE	2007Q3	"$293,955 "	"$253,163 "
DE	2007Q4	"$289,797 "	"$249,970 "
DE	2008Q1	"$281,409 "	"$242,811 "
DE	2008Q2	"$275,891 "	"$237,922 "
DE	2008Q3	"$272,102 "	"$235,186 "
DE	2008Q4	"$263,297 "	"$228,027 "
DE	2009Q1	"$254,868 "	"$221,584 "
DE	2009Q2	"$259,306 "	"$226,222 "
DE	2009Q3	"$252,928 "	"$221,198 "
DE	2009Q4	"$255,617 "	"$223,761 "
DE	2010Q1	"$240,480 "	"$210,901 "
DE	2010Q2	"$247,793 "	"$216,902 "
FL	2000Q1	"$132,020 "	"$104,326 "
FL	2000Q2	"$135,866 "	"$106,929 "
FL	2000Q3	"$139,053 "	"$108,968 "
FL	2000Q4	"$142,416 "	"$111,097 "
FL	2001Q1	"$146,083 "	"$113,448 "
FL	2001Q2	"$150,482 "	"$116,492 "
FL	2001Q3	"$154,795 "	"$119,586 "
FL	2001Q4	"$158,129 "	"$122,195 "
FL	2002Q1	"$161,500 "	"$124,770 "
FL	2002Q2	"$166,484 "	"$128,958 "
FL	2002Q3	"$170,773 "	"$132,771 "
FL	2002Q4	"$175,160 "	"$136,228 "
FL	2003Q1	"$179,434 "	"$139,718 "
FL	2003Q2	"$185,168 "	"$144,363 "
FL	2003Q3	"$190,944 "	"$148,896 "
FL	2003Q4	"$197,261 "	"$153,905 "
FL	2004Q1	"$204,502 "	"$159,566 "
FL	2004Q2	"$215,532 "	"$168,297 "
FL	2004Q3	"$227,865 "	"$178,057 "
FL	2004Q4	"$239,228 "	"$187,448 "
FL	2005Q1	"$253,079 "	"$198,783 "
FL	2005Q2	"$271,441 "	"$213,817 "
FL	2005Q3	"$288,508 "	"$228,067 "
FL	2005Q4	"$300,390 "	"$238,361 "
FL	2006Q1	"$307,256 "	"$244,583 "
FL	2006Q2	"$312,639 "	"$249,393 "
FL	2006Q3	"$312,078 "	"$249,360 "
FL	2006Q4	"$308,050 "	"$246,497 "
FL	2007Q1	"$303,518 "	"$242,906 "
FL	2007Q2	"$297,337 "	"$238,489 "
FL	2007Q3	"$282,990 "	"$227,166 "
FL	2007Q4	"$267,614 "	"$214,618 "
FL	2008Q1	"$250,687 "	"$200,877 "
FL	2008Q2	"$236,806 "	"$189,446 "
FL	2008Q3	"$223,340 "	"$178,351 "
FL	2008Q4	"$206,579 "	"$164,830 "
FL	2009Q1	"$191,931 "	"$153,065 "
FL	2009Q2	"$186,466 "	"$148,494 "
FL	2009Q3	"$186,251 "	"$148,008 "
FL	2009Q4	"$186,080 "	"$147,378 "
FL	2010Q1	"$180,836 "	"$142,743 "
FL	2010Q2	"$183,843 "	"$144,501 "
GA	2000Q1	"$140,236 "	"$120,579 "
GA	2000Q2	"$143,649 "	"$123,226 "
GA	2000Q3	"$145,857 "	"$124,845 "
GA	2000Q4	"$147,738 "	"$126,016 "
GA	2001Q1	"$150,112 "	"$127,799 "
GA	2001Q2	"$153,089 "	"$130,133 "
GA	2001Q3	"$154,916 "	"$131,385 "
GA	2001Q4	"$156,868 "	"$132,715 "
GA	2002Q1	"$158,345 "	"$133,518 "
GA	2002Q2	"$161,092 "	"$135,521 "
GA	2002Q3	"$163,092 "	"$136,848 "
GA	2002Q4	"$164,691 "	"$137,914 "
GA	2003Q1	"$166,166 "	"$138,831 "
GA	2003Q2	"$167,693 "	"$139,987 "
GA	2003Q3	"$169,779 "	"$141,588 "
GA	2003Q4	"$170,527 "	"$142,119 "
GA	2004Q1	"$172,031 "	"$142,973 "
GA	2004Q2	"$174,895 "	"$145,055 "
GA	2004Q3	"$177,540 "	"$146,995 "
GA	2004Q4	"$179,614 "	"$148,470 "
GA	2005Q1	"$182,571 "	"$150,829 "
GA	2005Q2	"$185,374 "	"$153,013 "
GA	2005Q3	"$188,531 "	"$155,395 "
GA	2005Q4	"$190,553 "	"$157,151 "
GA	2006Q1	"$191,399 "	"$157,533 "
GA	2006Q2	"$195,244 "	"$160,246 "
GA	2006Q3	"$195,440 "	"$160,334 "
GA	2006Q4	"$195,871 "	"$160,538 "
GA	2007Q1	"$195,748 "	"$160,456 "
GA	2007Q2	"$195,380 "	"$159,928 "
GA	2007Q3	"$192,574 "	"$157,717 "
GA	2007Q4	"$188,138 "	"$153,925 "
GA	2008Q1	"$184,057 "	"$150,369 "
GA	2008Q2	"$181,497 "	"$148,049 "
GA	2008Q3	"$175,575 "	"$143,082 "
GA	2008Q4	"$167,984 "	"$136,598 "
GA	2009Q1	"$162,949 "	"$132,359 "
GA	2009Q2	"$162,666 "	"$132,044 "
GA	2009Q3	"$161,807 "	"$131,366 "
GA	2009Q4	"$158,201 "	"$128,434 "
GA	2010Q1	"$154,968 "	"$125,626 "
GA	2010Q2	"$159,657 "	"$129,446 "
HI	2000Q1	"$293,415 "	"$241,379 "
HI	2000Q2	"$302,533 "	"$247,629 "
HI	2000Q3	"$307,831 "	"$249,905 "
HI	2000Q4	"$311,570 "	"$252,001 "
HI	2001Q1	"$321,125 "	"$257,853 "
HI	2001Q2	"$328,735 "	"$263,198 "
HI	2001Q3	"$333,721 "	"$267,141 "
HI	2001Q4	"$341,364 "	"$272,457 "
HI	2002Q1	"$346,514 "	"$275,703 "
HI	2002Q2	"$362,982 "	"$288,003 "
HI	2002Q3	"$377,717 "	"$300,370 "
HI	2002Q4	"$380,847 "	"$305,817 "
HI	2003Q1	"$394,958 "	"$317,582 "
HI	2003Q2	"$401,151 "	"$328,551 "
HI	2003Q3	"$417,467 "	"$342,503 "
HI	2003Q4	"$442,726 "	"$363,538 "
HI	2004Q1	"$463,796 "	"$380,670 "
HI	2004Q2	"$489,103 "	"$403,298 "
HI	2004Q3	"$522,906 "	"$431,711 "
HI	2004Q4	"$536,827 "	"$445,867 "
HI	2005Q1	"$558,521 "	"$466,551 "
HI	2005Q2	"$598,943 "	"$502,338 "
HI	2005Q3	"$630,171 "	"$530,527 "
HI	2005Q4	"$640,369 "	"$541,487 "
HI	2006Q1	"$648,315 "	"$550,058 "
HI	2006Q2	"$674,123 "	"$571,578 "
HI	2006Q3	"$680,352 "	"$576,085 "
HI	2006Q4	"$688,539 "	"$581,690 "
HI	2007Q1	"$692,564 "	"$584,871 "
HI	2007Q2	"$700,011 "	"$591,704 "
HI	2007Q3	"$696,546 "	"$587,686 "
HI	2007Q4	"$675,358 "	"$570,409 "
HI	2008Q1	"$663,168 "	"$559,304 "
HI	2008Q2	"$671,326 "	"$565,998 "
HI	2008Q3	"$651,846 "	"$547,782 "
HI	2008Q4	"$629,959 "	"$530,113 "
HI	2009Q1	"$615,073 "	"$519,127 "
HI	2009Q2	"$593,203 "	"$501,318 "
HI	2009Q3	"$602,755 "	"$512,032 "
HI	2009Q4	"$593,683 "	"$505,283 "
HI	2010Q1	"$596,863 "	"$508,661 "
HI	2010Q2	"$587,760 "	"$499,837 "
IA	2000Q1	"$102,435 "	"$89,147 "
IA	2000Q2	"$104,684 "	"$91,055 "
IA	2000Q3	"$106,594 "	"$92,664 "
IA	2000Q4	"$105,648 "	"$91,774 "
IA	2001Q1	"$106,658 "	"$92,626 "
IA	2001Q2	"$109,177 "	"$94,831 "
IA	2001Q3	"$110,050 "	"$95,569 "
IA	2001Q4	"$110,683 "	"$96,088 "
IA	2002Q1	"$110,320 "	"$95,689 "
IA	2002Q2	"$113,284 "	"$98,251 "
IA	2002Q3	"$114,685 "	"$99,336 "
IA	2002Q4	"$115,041 "	"$99,646 "
IA	2003Q1	"$115,668 "	"$100,042 "
IA	2003Q2	"$117,302 "	"$101,393 "
IA	2003Q3	"$118,255 "	"$102,102 "
IA	2003Q4	"$118,677 "	"$102,357 "
IA	2004Q1	"$118,876 "	"$102,477 "
IA	2004Q2	"$122,117 "	"$105,140 "
IA	2004Q3	"$123,526 "	"$106,200 "
IA	2004Q4	"$125,046 "	"$107,372 "
IA	2005Q1	"$124,818 "	"$107,195 "
IA	2005Q2	"$128,477 "	"$110,242 "
IA	2005Q3	"$129,380 "	"$110,887 "
IA	2005Q4	"$129,888 "	"$111,197 "
IA	2006Q1	"$131,072 "	"$112,018 "
IA	2006Q2	"$133,171 "	"$113,469 "
IA	2006Q3	"$133,845 "	"$113,797 "
IA	2006Q4	"$132,702 "	"$112,635 "
IA	2007Q1	"$132,163 "	"$112,016 "
IA	2007Q2	"$134,769 "	"$114,125 "
IA	2007Q3	"$136,126 "	"$115,277 "
IA	2007Q4	"$133,720 "	"$112,968 "
IA	2008Q1	"$132,472 "	"$111,849 "
IA	2008Q2	"$134,917 "	"$113,891 "
IA	2008Q3	"$135,822 "	"$114,722 "
IA	2008Q4	"$134,697 "	"$113,823 "
IA	2009Q1	"$131,285 "	"$110,648 "
IA	2009Q2	"$135,399 "	"$114,185 "
IA	2009Q3	"$138,030 "	"$116,506 "
IA	2009Q4	"$137,433 "	"$115,966 "
IA	2010Q1	"$135,523 "	"$114,494 "
IA	2010Q2	"$139,543 "	"$118,036 "
ID	2000Q1	"$111,286 "	"$97,004 "
ID	2000Q2	"$112,847 "	"$98,475 "
ID	2000Q3	"$113,897 "	"$99,200 "
ID	2000Q4	"$114,537 "	"$99,620 "
ID	2001Q1	"$117,481 "	"$102,027 "
ID	2001Q2	"$119,483 "	"$103,691 "
ID	2001Q3	"$120,964 "	"$104,780 "
ID	2001Q4	"$120,158 "	"$103,905 "
ID	2002Q1	"$120,441 "	"$104,033 "
ID	2002Q2	"$124,575 "	"$107,351 "
ID	2002Q3	"$125,313 "	"$107,827 "
ID	2002Q4	"$125,989 "	"$108,224 "
ID	2003Q1	"$128,169 "	"$109,871 "
ID	2003Q2	"$130,786 "	"$111,852 "
ID	2003Q3	"$134,537 "	"$114,857 "
ID	2003Q4	"$135,724 "	"$115,783 "
ID	2004Q1	"$135,372 "	"$115,404 "
ID	2004Q2	"$143,905 "	"$122,318 "
ID	2004Q3	"$148,906 "	"$126,213 "
ID	2004Q4	"$150,619 "	"$127,474 "
ID	2005Q1	"$155,878 "	"$131,763 "
ID	2005Q2	"$164,272 "	"$138,546 "
ID	2005Q3	"$176,421 "	"$148,473 "
ID	2005Q4	"$180,942 "	"$152,047 "
ID	2006Q1	"$188,861 "	"$158,610 "
ID	2006Q2	"$198,346 "	"$166,198 "
ID	2006Q3	"$202,144 "	"$169,202 "
ID	2006Q4	"$204,587 "	"$170,993 "
ID	2007Q1	"$207,133 "	"$173,380 "
ID	2007Q2	"$211,752 "	"$177,209 "
ID	2007Q3	"$211,727 "	"$177,356 "
ID	2007Q4	"$206,191 "	"$172,703 "
ID	2008Q1	"$204,568 "	"$171,401 "
ID	2008Q2	"$203,671 "	"$171,085 "
ID	2008Q3	"$199,564 "	"$167,839 "
ID	2008Q4	"$185,918 "	"$156,828 "
ID	2009Q1	"$181,609 "	"$153,048 "
ID	2009Q2	"$181,880 "	"$153,644 "
ID	2009Q3	"$178,427 "	"$151,081 "
ID	2009Q4	"$169,770 "	"$144,047 "
ID	2010Q1	"$165,859 "	"$140,814 "
ID	2010Q2	"$164,999 "	"$140,436 "
IL	2000Q1	"$148,385 "	"$125,683 "
IL	2000Q2	"$151,809 "	"$128,220 "
IL	2000Q3	"$154,238 "	"$129,846 "
IL	2000Q4	"$157,115 "	"$131,810 "
IL	2001Q1	"$159,089 "	"$133,039 "
IL	2001Q2	"$163,152 "	"$136,198 "
IL	2001Q3	"$167,063 "	"$139,200 "
IL	2001Q4	"$168,980 "	"$140,476 "
IL	2002Q1	"$170,590 "	"$141,518 "
IL	2002Q2	"$175,812 "	"$145,593 "
IL	2002Q3	"$179,276 "	"$148,253 "
IL	2002Q4	"$181,808 "	"$150,347 "
IL	2003Q1	"$184,219 "	"$152,172 "
IL	2003Q2	"$190,102 "	"$156,916 "
IL	2003Q3	"$191,520 "	"$158,133 "
IL	2003Q4	"$193,155 "	"$159,481 "
IL	2004Q1	"$194,877 "	"$160,953 "
IL	2004Q2	"$201,476 "	"$166,326 "
IL	2004Q3	"$205,205 "	"$169,682 "
IL	2004Q4	"$208,394 "	"$172,562 "
IL	2005Q1	"$211,358 "	"$175,189 "
IL	2005Q2	"$218,032 "	"$180,853 "
IL	2005Q3	"$222,414 "	"$184,728 "
IL	2005Q4	"$224,735 "	"$186,776 "
IL	2006Q1	"$226,754 "	"$188,571 "
IL	2006Q2	"$232,631 "	"$193,311 "
IL	2006Q3	"$233,709 "	"$194,127 "
IL	2006Q4	"$232,688 "	"$193,230 "
IL	2007Q1	"$231,909 "	"$192,460 "
IL	2007Q2	"$232,514 "	"$192,749 "
IL	2007Q3	"$229,609 "	"$190,097 "
IL	2007Q4	"$222,784 "	"$184,131 "
IL	2008Q1	"$214,326 "	"$176,820 "
IL	2008Q2	"$213,371 "	"$175,889 "
IL	2008Q3	"$208,863 "	"$171,913 "
IL	2008Q4	"$196,957 "	"$161,990 "
IL	2009Q1	"$186,253 "	"$153,051 "
IL	2009Q2	"$187,169 "	"$153,852 "
IL	2009Q3	"$188,043 "	"$154,388 "
IL	2009Q4	"$184,528 "	"$151,413 "
IL	2010Q1	"$179,035 "	"$146,708 "
IL	2010Q2	"$186,308 "	"$152,387 "
IN	2000Q1	"$110,365 "	"$98,182 "
IN	2000Q2	"$111,306 "	"$98,964 "
IN	2000Q3	"$113,228 "	"$100,597 "
IN	2000Q4	"$113,510 "	"$100,755 "
IN	2001Q1	"$113,705 "	"$100,843 "
IN	2001Q2	"$115,371 "	"$102,192 "
IN	2001Q3	"$116,438 "	"$103,022 "
IN	2001Q4	"$117,339 "	"$103,638 "
IN	2002Q1	"$117,397 "	"$103,508 "
IN	2002Q2	"$119,344 "	"$105,074 "
IN	2002Q3	"$119,881 "	"$105,410 "
IN	2002Q4	"$119,750 "	"$105,176 "
IN	2003Q1	"$120,159 "	"$105,444 "
IN	2003Q2	"$122,318 "	"$107,219 "
IN	2003Q3	"$123,266 "	"$107,935 "
IN	2003Q4	"$122,985 "	"$107,591 "
IN	2004Q1	"$123,049 "	"$107,546 "
IN	2004Q2	"$126,322 "	"$110,263 "
IN	2004Q3	"$127,117 "	"$110,855 "
IN	2004Q4	"$126,815 "	"$110,457 "
IN	2005Q1	"$128,469 "	"$111,693 "
IN	2005Q2	"$130,229 "	"$113,081 "
IN	2005Q3	"$131,593 "	"$114,186 "
IN	2005Q4	"$131,690 "	"$114,087 "
IN	2006Q1	"$130,945 "	"$113,242 "
IN	2006Q2	"$133,635 "	"$115,400 "
IN	2006Q3	"$134,254 "	"$115,791 "
IN	2006Q4	"$132,565 "	"$114,175 "
IN	2007Q1	"$132,091 "	"$113,646 "
IN	2007Q2	"$135,333 "	"$116,327 "
IN	2007Q3	"$135,664 "	"$116,536 "
IN	2007Q4	"$131,045 "	"$112,499 "
IN	2008Q1	"$130,181 "	"$111,578 "
IN	2008Q2	"$131,363 "	"$112,590 "
IN	2008Q3	"$131,352 "	"$112,566 "
IN	2008Q4	"$124,535 "	"$106,606 "
IN	2009Q1	"$122,732 "	"$104,996 "
IN	2009Q2	"$127,973 "	"$109,546 "
IN	2009Q3	"$129,454 "	"$110,909 "
IN	2009Q4	"$128,615 "	"$110,213 "
IN	2010Q1	"$125,649 "	"$107,853 "
IN	2010Q2	"$132,068 "	"$113,416 "
KS	2000Q1	"$103,182 "	"$91,310 "
KS	2000Q2	"$105,363 "	"$93,228 "
KS	2000Q3	"$105,780 "	"$93,483 "
KS	2000Q4	"$105,914 "	"$93,554 "
KS	2001Q1	"$107,009 "	"$94,409 "
KS	2001Q2	"$109,385 "	"$96,396 "
KS	2001Q3	"$110,738 "	"$97,449 "
KS	2001Q4	"$111,966 "	"$98,451 "
KS	2002Q1	"$112,479 "	"$99,043 "
KS	2002Q2	"$113,551 "	"$99,938 "
KS	2002Q3	"$115,665 "	"$101,655 "
KS	2002Q4	"$115,318 "	"$101,322 "
KS	2003Q1	"$115,975 "	"$101,791 "
KS	2003Q2	"$117,777 "	"$103,226 "
KS	2003Q3	"$119,457 "	"$104,602 "
KS	2003Q4	"$119,305 "	"$104,331 "
KS	2004Q1	"$119,792 "	"$104,687 "
KS	2004Q2	"$122,788 "	"$107,180 "
KS	2004Q3	"$123,007 "	"$107,237 "
KS	2004Q4	"$123,580 "	"$107,501 "
KS	2005Q1	"$124,791 "	"$108,358 "
KS	2005Q2	"$127,593 "	"$110,640 "
KS	2005Q3	"$128,962 "	"$111,799 "
KS	2005Q4	"$129,077 "	"$111,734 "
KS	2006Q1	"$130,030 "	"$112,575 "
KS	2006Q2	"$132,506 "	"$114,624 "
KS	2006Q3	"$133,787 "	"$115,679 "
KS	2006Q4	"$132,956 "	"$114,824 "
KS	2007Q1	"$131,837 "	"$113,830 "
KS	2007Q2	"$135,696 "	"$117,099 "
KS	2007Q3	"$135,953 "	"$117,194 "
KS	2007Q4	"$134,429 "	"$115,704 "
KS	2008Q1	"$132,028 "	"$113,803 "
KS	2008Q2	"$135,315 "	"$116,755 "
KS	2008Q3	"$135,497 "	"$117,125 "
KS	2008Q4	"$131,203 "	"$113,652 "
KS	2009Q1	"$130,804 "	"$113,483 "
KS	2009Q2	"$134,807 "	"$117,230 "
KS	2009Q3	"$134,170 "	"$116,956 "
KS	2009Q4	"$135,360 "	"$118,193 "
KS	2010Q1	"$131,809 "	"$115,364 "
KS	2010Q2	"$135,301 "	"$118,687 "
KY	2000Q1	"$113,973 "	"$99,434 "
KY	2000Q2	"$115,401 "	"$100,655 "
KY	2000Q3	"$117,136 "	"$102,132 "
KY	2000Q4	"$117,657 "	"$102,481 "
KY	2001Q1	"$117,673 "	"$102,572 "
KY	2001Q2	"$120,089 "	"$104,722 "
KY	2001Q3	"$121,036 "	"$105,451 "
KY	2001Q4	"$122,954 "	"$107,006 "
KY	2002Q1	"$122,624 "	"$106,763 "
KY	2002Q2	"$125,501 "	"$109,256 "
KY	2002Q3	"$125,538 "	"$109,222 "
KY	2002Q4	"$127,298 "	"$110,771 "
KY	2003Q1	"$128,084 "	"$111,360 "
KY	2003Q2	"$130,676 "	"$113,543 "
KY	2003Q3	"$133,287 "	"$115,867 "
KY	2003Q4	"$133,859 "	"$116,389 "
KY	2004Q1	"$134,399 "	"$116,699 "
KY	2004Q2	"$136,974 "	"$118,913 "
KY	2004Q3	"$138,087 "	"$120,033 "
KY	2004Q4	"$139,317 "	"$121,087 "
KY	2005Q1	"$140,122 "	"$121,843 "
KY	2005Q2	"$143,217 "	"$124,590 "
KY	2005Q3	"$145,392 "	"$126,452 "
KY	2005Q4	"$146,157 "	"$127,168 "
KY	2006Q1	"$148,004 "	"$128,745 "
KY	2006Q2	"$149,493 "	"$129,906 "
KY	2006Q3	"$150,401 "	"$130,734 "
KY	2006Q4	"$149,364 "	"$129,801 "
KY	2007Q1	"$150,625 "	"$130,889 "
KY	2007Q2	"$152,950 "	"$132,792 "
KY	2007Q3	"$152,020 "	"$131,934 "
KY	2007Q4	"$150,688 "	"$130,620 "
KY	2008Q1	"$148,173 "	"$128,333 "
KY	2008Q2	"$152,032 "	"$131,764 "
KY	2008Q3	"$151,610 "	"$131,310 "
KY	2008Q4	"$146,652 "	"$126,978 "
KY	2009Q1	"$144,246 "	"$124,964 "
KY	2009Q2	"$148,854 "	"$128,861 "
KY	2009Q3	"$149,317 "	"$129,278 "
KY	2009Q4	"$149,963 "	"$129,884 "
KY	2010Q1	"$147,204 "	"$127,446 "
KY	2010Q2	"$150,614 "	"$130,344 "
LA	2000Q1	"$108,563 "	"$94,990 "
LA	2000Q2	"$110,829 "	"$96,967 "
LA	2000Q3	"$111,289 "	"$97,425 "
LA	2000Q4	"$110,972 "	"$97,249 "
LA	2001Q1	"$111,809 "	"$97,941 "
LA	2001Q2	"$114,350 "	"$100,102 "
LA	2001Q3	"$116,260 "	"$101,707 "
LA	2001Q4	"$116,615 "	"$101,970 "
LA	2002Q1	"$117,143 "	"$102,439 "
LA	2002Q2	"$120,221 "	"$105,011 "
LA	2002Q3	"$121,772 "	"$106,272 "
LA	2002Q4	"$122,937 "	"$107,226 "
LA	2003Q1	"$125,227 "	"$109,239 "
LA	2003Q2	"$126,252 "	"$110,119 "
LA	2003Q3	"$128,495 "	"$112,042 "
LA	2003Q4	"$129,779 "	"$113,146 "
LA	2004Q1	"$130,034 "	"$113,354 "
LA	2004Q2	"$134,774 "	"$117,368 "
LA	2004Q3	"$137,317 "	"$119,610 "
LA	2004Q4	"$138,701 "	"$120,898 "
LA	2005Q1	"$140,068 "	"$122,092 "
LA	2005Q2	"$143,832 "	"$125,402 "
LA	2005Q3	"$147,632 "	"$128,651 "
LA	2005Q4	"$153,948 "	"$134,325 "
LA	2006Q1	"$158,657 "	"$138,404 "
LA	2006Q2	"$162,794 "	"$142,129 "
LA	2006Q3	"$165,905 "	"$144,876 "
LA	2006Q4	"$167,948 "	"$146,571 "
LA	2007Q1	"$166,915 "	"$146,036 "
LA	2007Q2	"$167,096 "	"$146,437 "
LA	2007Q3	"$169,056 "	"$148,336 "
LA	2007Q4	"$168,112 "	"$147,565 "
LA	2008Q1	"$166,123 "	"$145,965 "
LA	2008Q2	"$168,787 "	"$148,401 "
LA	2008Q3	"$168,827 "	"$148,555 "
LA	2008Q4	"$167,340 "	"$147,480 "
LA	2009Q1	"$166,331 "	"$146,814 "
LA	2009Q2	"$169,342 "	"$149,702 "
LA	2009Q3	"$172,329 "	"$152,579 "
LA	2009Q4	"$171,068 "	"$151,638 "
LA	2010Q1	"$168,639 "	"$149,590 "
LA	2010Q2	"$171,584 "	"$152,413 "
MA	2000Q1	"$226,623 "	"$189,845 "
MA	2000Q2	"$240,047 "	"$200,506 "
MA	2000Q3	"$249,733 "	"$208,181 "
MA	2000Q4	"$255,172 "	"$212,248 "
MA	2001Q1	"$262,724 "	"$218,186 "
MA	2001Q2	"$273,693 "	"$227,228 "
MA	2001Q3	"$285,041 "	"$236,567 "
MA	2001Q4	"$287,803 "	"$238,376 "
MA	2002Q1	"$292,156 "	"$242,464 "
MA	2002Q2	"$307,940 "	"$255,916 "
MA	2002Q3	"$320,216 "	"$266,744 "
MA	2002Q4	"$325,486 "	"$271,779 "
MA	2003Q1	"$328,269 "	"$274,501 "
MA	2003Q2	"$340,907 "	"$285,622 "
MA	2003Q3	"$349,028 "	"$292,923 "
MA	2003Q4	"$355,024 "	"$298,039 "
MA	2004Q1	"$361,061 "	"$303,288 "
MA	2004Q2	"$376,472 "	"$316,434 "
MA	2004Q3	"$385,977 "	"$324,667 "
MA	2004Q4	"$392,826 "	"$330,058 "
MA	2005Q1	"$398,781 "	"$336,060 "
MA	2005Q2	"$409,939 "	"$345,950 "
MA	2005Q3	"$414,510 "	"$350,369 "
MA	2005Q4	"$415,122 "	"$350,198 "
MA	2006Q1	"$408,929 "	"$345,580 "
MA	2006Q2	"$413,461 "	"$349,852 "
MA	2006Q3	"$408,389 "	"$345,531 "
MA	2006Q4	"$403,171 "	"$340,964 "
MA	2007Q1	"$401,369 "	"$338,784 "
MA	2007Q2	"$404,164 "	"$339,898 "
MA	2007Q3	"$403,930 "	"$338,067 "
MA	2007Q4	"$393,535 "	"$328,672 "
MA	2008Q1	"$385,753 "	"$320,635 "
MA	2008Q2	"$378,583 "	"$314,167 "
MA	2008Q3	"$376,200 "	"$311,161 "
MA	2008Q4	"$365,576 "	"$301,589 "
MA	2009Q1	"$360,368 "	"$296,508 "
MA	2009Q2	"$363,675 "	"$299,376 "
MA	2009Q3	"$367,131 "	"$302,592 "
MA	2009Q4	"$363,974 "	"$300,200 "
MA	2010Q1	"$354,819 "	"$290,948 "
MA	2010Q2	"$373,062 "	"$306,363 "
MD	2000Q1	"$183,200 "	"$142,113 "
MD	2000Q2	"$187,442 "	"$145,332 "
MD	2000Q3	"$192,438 "	"$148,989 "
MD	2000Q4	"$196,364 "	"$151,146 "
MD	2001Q1	"$196,849 "	"$151,397 "
MD	2001Q2	"$206,141 "	"$158,170 "
MD	2001Q3	"$213,238 "	"$163,463 "
MD	2001Q4	"$216,913 "	"$166,212 "
MD	2002Q1	"$220,961 "	"$168,938 "
MD	2002Q2	"$231,398 "	"$176,726 "
MD	2002Q3	"$238,459 "	"$186,460 "
MD	2002Q4	"$238,111 "	"$191,134 "
MD	2003Q1	"$243,511 "	"$195,208 "
MD	2003Q2	"$252,122 "	"$205,024 "
MD	2003Q3	"$264,713 "	"$215,441 "
MD	2003Q4	"$265,797 "	"$218,954 "
MD	2004Q1	"$271,939 "	"$226,230 "
MD	2004Q2	"$290,272 "	"$241,482 "
MD	2004Q3	"$306,731 "	"$256,593 "
MD	2004Q4	"$313,619 "	"$263,831 "
MD	2005Q1	"$325,255 "	"$273,828 "
MD	2005Q2	"$347,625 "	"$293,568 "
MD	2005Q3	"$367,411 "	"$311,039 "
MD	2005Q4	"$373,935 "	"$318,761 "
MD	2006Q1	"$380,410 "	"$325,092 "
MD	2006Q2	"$390,526 "	"$334,284 "
MD	2006Q3	"$393,201 "	"$336,999 "
MD	2006Q4	"$391,403 "	"$335,980 "
MD	2007Q1	"$388,241 "	"$334,342 "
MD	2007Q2	"$384,169 "	"$331,534 "
MD	2007Q3	"$376,688 "	"$325,658 "
MD	2007Q4	"$364,281 "	"$315,308 "
MD	2008Q1	"$352,683 "	"$305,896 "
MD	2008Q2	"$341,573 "	"$296,867 "
MD	2008Q3	"$330,781 "	"$287,749 "
MD	2008Q4	"$315,256 "	"$274,704 "
MD	2009Q1	"$304,938 "	"$265,873 "
MD	2009Q2	"$299,488 "	"$262,176 "
MD	2009Q3	"$299,612 "	"$262,441 "
MD	2009Q4	"$295,253 "	"$258,517 "
MD	2010Q1	"$287,999 "	"$252,731 "
MD	2010Q2	"$292,254 "	"$256,411 "
ME	2000Q1	"$122,926 "	"$103,883 "
ME	2000Q2	"$128,860 "	"$108,793 "
ME	2000Q3	"$130,371 "	"$110,981 "
ME	2000Q4	"$132,581 "	"$112,664 "
ME	2001Q1	"$134,972 "	"$114,428 "
ME	2001Q2	"$139,949 "	"$118,394 "
ME	2001Q3	"$145,117 "	"$122,511 "
ME	2001Q4	"$146,250 "	"$123,072 "
ME	2002Q1	"$152,108 "	"$127,762 "
ME	2002Q2	"$157,513 "	"$132,308 "
ME	2002Q3	"$163,459 "	"$137,101 "
ME	2002Q4	"$167,343 "	"$140,125 "
ME	2003Q1	"$171,957 "	"$143,720 "
ME	2003Q2	"$175,107 "	"$146,060 "
ME	2003Q3	"$179,680 "	"$149,743 "
ME	2003Q4	"$186,718 "	"$156,158 "
ME	2004Q1	"$185,112 "	"$154,913 "
ME	2004Q2	"$194,709 "	"$163,054 "
ME	2004Q3	"$201,955 "	"$168,974 "
ME	2004Q4	"$204,966 "	"$171,279 "
ME	2005Q1	"$209,646 "	"$175,765 "
ME	2005Q2	"$215,712 "	"$180,771 "
ME	2005Q3	"$220,089 "	"$184,535 "
ME	2005Q4	"$222,289 "	"$186,615 "
ME	2006Q1	"$219,193 "	"$184,404 "
ME	2006Q2	"$224,863 "	"$189,461 "
ME	2006Q3	"$223,069 "	"$187,870 "
ME	2006Q4	"$220,134 "	"$185,903 "
ME	2007Q1	"$222,206 "	"$187,547 "
ME	2007Q2	"$222,467 "	"$187,892 "
ME	2007Q3	"$218,046 "	"$184,459 "
ME	2007Q4	"$218,583 "	"$185,206 "
ME	2008Q1	"$216,221 "	"$183,169 "
ME	2008Q2	"$215,259 "	"$182,774 "
ME	2008Q3	"$213,276 "	"$181,438 "
ME	2008Q4	"$205,299 "	"$174,283 "
ME	2009Q1	"$209,457 "	"$176,719 "
ME	2009Q2	"$213,568 "	"$179,611 "
ME	2009Q3	"$205,754 "	"$172,730 "
ME	2009Q4	"$209,403 "	"$175,688 "
ME	2010Q1	"$206,716 "	"$172,800 "
ME	2010Q2	"$209,697 "	"$175,175 "
MI	2000Q1	"$137,293 "	"$119,927 "
MI	2000Q2	"$140,802 "	"$123,049 "
MI	2000Q3	"$143,392 "	"$125,355 "
MI	2000Q4	"$143,993 "	"$125,958 "
MI	2001Q1	"$145,389 "	"$127,182 "
MI	2001Q2	"$147,888 "	"$129,370 "
MI	2001Q3	"$150,004 "	"$131,192 "
MI	2001Q4	"$151,009 "	"$132,006 "
MI	2002Q1	"$151,119 "	"$132,084 "
MI	2002Q2	"$154,095 "	"$134,693 "
MI	2002Q3	"$155,765 "	"$136,115 "
MI	2002Q4	"$156,279 "	"$136,494 "
MI	2003Q1	"$156,545 "	"$136,678 "
MI	2003Q2	"$158,532 "	"$138,388 "
MI	2003Q3	"$160,344 "	"$139,917 "
MI	2003Q4	"$159,803 "	"$139,378 "
MI	2004Q1	"$159,162 "	"$138,893 "
MI	2004Q2	"$161,362 "	"$140,660 "
MI	2004Q3	"$162,180 "	"$141,393 "
MI	2004Q4	"$162,764 "	"$141,880 "
MI	2005Q1	"$162,292 "	"$141,405 "
MI	2005Q2	"$165,186 "	"$143,805 "
MI	2005Q3	"$166,158 "	"$144,506 "
MI	2005Q4	"$165,447 "	"$143,635 "
MI	2006Q1	"$162,515 "	"$140,944 "
MI	2006Q2	"$162,382 "	"$140,544 "
MI	2006Q3	"$160,987 "	"$139,081 "
MI	2006Q4	"$156,545 "	"$135,104 "
MI	2007Q1	"$153,422 "	"$132,180 "
MI	2007Q2	"$151,012 "	"$129,891 "
MI	2007Q3	"$146,482 "	"$125,821 "
MI	2007Q4	"$138,216 "	"$118,573 "
MI	2008Q1	"$133,043 "	"$113,857 "
MI	2008Q2	"$129,656 "	"$110,754 "
MI	2008Q3	"$127,271 "	"$108,620 "
MI	2008Q4	"$118,102 "	"$100,344 "
MI	2009Q1	"$116,000 "	"$97,827 "
MI	2009Q2	"$114,774 "	"$96,428 "
MI	2009Q3	"$114,196 "	"$95,612 "
MI	2009Q4	"$114,362 "	"$95,473 "
MI	2010Q1	"$112,153 "	"$93,280 "
MI	2010Q2	"$116,143 "	"$96,398 "
MN	2000Q1	"$139,518 "	"$123,266 "
MN	2000Q2	"$145,981 "	"$128,981 "
MN	2000Q3	"$150,409 "	"$132,732 "
MN	2000Q4	"$152,817 "	"$134,792 "
MN	2001Q1	"$156,173 "	"$137,689 "
MN	2001Q2	"$163,395 "	"$143,911 "
MN	2001Q3	"$167,778 "	"$147,629 "
MN	2001Q4	"$169,551 "	"$148,970 "
MN	2002Q1	"$172,808 "	"$151,776 "
MN	2002Q2	"$179,004 "	"$157,032 "
MN	2002Q3	"$183,295 "	"$160,752 "
MN	2002Q4	"$186,443 "	"$163,392 "
MN	2003Q1	"$189,050 "	"$165,720 "
MN	2003Q2	"$194,841 "	"$170,710 "
MN	2003Q3	"$199,811 "	"$175,042 "
MN	2003Q4	"$201,098 "	"$176,270 "
MN	2004Q1	"$201,893 "	"$176,496 "
MN	2004Q2	"$208,960 "	"$182,247 "
MN	2004Q3	"$213,872 "	"$186,444 "
MN	2004Q4	"$216,021 "	"$188,166 "
MN	2005Q1	"$218,426 "	"$189,658 "
MN	2005Q2	"$225,365 "	"$195,436 "
MN	2005Q3	"$228,610 "	"$197,867 "
MN	2005Q4	"$230,458 "	"$198,878 "
MN	2006Q1	"$231,303 "	"$199,129 "
MN	2006Q2	"$234,453 "	"$201,522 "
MN	2006Q3	"$232,681 "	"$199,777 "
MN	2006Q4	"$229,684 "	"$196,897 "
MN	2007Q1	"$228,616 "	"$195,887 "
MN	2007Q2	"$227,220 "	"$194,452 "
MN	2007Q3	"$222,458 "	"$190,128 "
MN	2007Q4	"$215,279 "	"$183,610 "
MN	2008Q1	"$209,377 "	"$178,243 "
MN	2008Q2	"$206,856 "	"$175,971 "
MN	2008Q3	"$201,660 "	"$171,411 "
MN	2008Q4	"$193,982 "	"$164,435 "
MN	2009Q1	"$192,062 "	"$162,405 "
MN	2009Q2	"$192,725 "	"$162,898 "
MN	2009Q3	"$192,777 "	"$162,836 "
MN	2009Q4	"$191,485 "	"$161,507 "
MN	2010Q1	"$187,768 "	"$158,558 "
MN	2010Q2	"$194,336 "	"$164,105 "
MO	2000Q1	"$109,355 "	"$94,300 "
MO	2000Q2	"$111,921 "	"$96,514 "
MO	2000Q3	"$113,326 "	"$97,715 "
MO	2000Q4	"$114,328 "	"$98,467 "
MO	2001Q1	"$115,401 "	"$99,327 "
MO	2001Q2	"$118,611 "	"$102,114 "
MO	2001Q3	"$120,093 "	"$103,358 "
MO	2001Q4	"$121,265 "	"$104,333 "
MO	2002Q1	"$122,387 "	"$105,199 "
MO	2002Q2	"$125,141 "	"$107,451 "
MO	2002Q3	"$127,024 "	"$108,927 "
MO	2002Q4	"$128,484 "	"$110,059 "
MO	2003Q1	"$130,092 "	"$111,230 "
MO	2003Q2	"$132,804 "	"$113,425 "
MO	2003Q3	"$134,660 "	"$114,898 "
MO	2003Q4	"$134,895 "	"$115,062 "
MO	2004Q1	"$136,767 "	"$116,531 "
MO	2004Q2	"$140,688 "	"$119,757 "
MO	2004Q3	"$141,543 "	"$120,505 "
MO	2004Q4	"$143,602 "	"$122,135 "
MO	2005Q1	"$144,957 "	"$123,052 "
MO	2005Q2	"$148,966 "	"$126,362 "
MO	2005Q3	"$151,836 "	"$128,724 "
MO	2005Q4	"$153,065 "	"$129,619 "
MO	2006Q1	"$154,534 "	"$130,797 "
MO	2006Q2	"$156,606 "	"$132,358 "
MO	2006Q3	"$157,895 "	"$133,303 "
MO	2006Q4	"$156,731 "	"$132,170 "
MO	2007Q1	"$156,469 "	"$131,904 "
MO	2007Q2	"$158,090 "	"$133,196 "
MO	2007Q3	"$158,290 "	"$133,164 "
MO	2007Q4	"$152,531 "	"$128,302 "
MO	2008Q1	"$148,161 "	"$124,503 "
MO	2008Q2	"$151,236 "	"$127,049 "
MO	2008Q3	"$150,820 "	"$126,561 "
MO	2008Q4	"$143,328 "	"$120,188 "
MO	2009Q1	"$143,105 "	"$120,054 "
MO	2009Q2	"$147,060 "	"$123,311 "
MO	2009Q3	"$147,846 "	"$124,100 "
MO	2009Q4	"$146,962 "	"$123,462 "
MO	2010Q1	"$140,775 "	"$118,365 "
MO	2010Q2	"$147,162 "	"$123,754 "
MS	2000Q1	"$95,381 "	"$83,653 "
MS	2000Q2	"$97,522 "	"$85,463 "
MS	2000Q3	"$98,426 "	"$86,182 "
MS	2000Q4	"$98,246 "	"$85,875 "
MS	2001Q1	"$98,775 "	"$86,253 "
MS	2001Q2	"$101,860 "	"$88,919 "
MS	2001Q3	"$102,475 "	"$89,494 "
MS	2001Q4	"$102,777 "	"$89,773 "
MS	2002Q1	"$103,457 "	"$90,317 "
MS	2002Q2	"$104,172 "	"$90,896 "
MS	2002Q3	"$106,377 "	"$92,784 "
MS	2002Q4	"$107,965 "	"$94,133 "
MS	2003Q1	"$107,667 "	"$93,675 "
MS	2003Q2	"$110,529 "	"$96,059 "
MS	2003Q3	"$110,822 "	"$96,328 "
MS	2003Q4	"$112,197 "	"$97,483 "
MS	2004Q1	"$113,472 "	"$98,456 "
MS	2004Q2	"$115,280 "	"$99,971 "
MS	2004Q3	"$116,334 "	"$100,775 "
MS	2004Q4	"$117,959 "	"$102,143 "
MS	2005Q1	"$119,942 "	"$103,778 "
MS	2005Q2	"$123,420 "	"$106,699 "
MS	2005Q3	"$126,036 "	"$109,138 "
MS	2005Q4	"$130,614 "	"$113,499 "
MS	2006Q1	"$133,054 "	"$115,645 "
MS	2006Q2	"$137,213 "	"$119,422 "
MS	2006Q3	"$139,609 "	"$121,597 "
MS	2006Q4	"$141,289 "	"$123,131 "
MS	2007Q1	"$143,988 "	"$125,495 "
MS	2007Q2	"$145,685 "	"$127,225 "
MS	2007Q3	"$144,711 "	"$126,592 "
MS	2007Q4	"$144,211 "	"$126,387 "
MS	2008Q1	"$143,114 "	"$125,794 "
MS	2008Q2	"$145,414 "	"$128,107 "
MS	2008Q3	"$143,467 "	"$126,587 "
MS	2008Q4	"$140,575 "	"$124,374 "
MS	2009Q1	"$136,138 "	"$120,915 "
MS	2009Q2	"$140,443 "	"$125,256 "
MS	2009Q3	"$141,960 "	"$126,903 "
MS	2009Q4	"$140,879 "	"$126,328 "
MS	2010Q1	"$140,094 "	"$126,054 "
MS	2010Q2	"$140,317 "	"$126,484 "
MT	2000Q1	"$114,480 "	"$99,058 "
MT	2000Q2	"$116,822 "	"$101,100 "
MT	2000Q3	"$117,829 "	"$101,902 "
MT	2000Q4	"$117,731 "	"$101,613 "
MT	2001Q1	"$121,364 "	"$104,743 "
MT	2001Q2	"$123,717 "	"$106,610 "
MT	2001Q3	"$124,343 "	"$107,012 "
MT	2001Q4	"$127,031 "	"$109,064 "
MT	2002Q1	"$128,369 "	"$110,288 "
MT	2002Q2	"$132,348 "	"$113,649 "
MT	2002Q3	"$134,560 "	"$115,541 "
MT	2002Q4	"$136,582 "	"$117,258 "
MT	2003Q1	"$136,755 "	"$117,319 "
MT	2003Q2	"$144,131 "	"$123,427 "
MT	2003Q3	"$147,693 "	"$126,577 "
MT	2003Q4	"$149,371 "	"$127,870 "
MT	2004Q1	"$151,120 "	"$129,292 "
MT	2004Q2	"$158,121 "	"$135,305 "
MT	2004Q3	"$162,244 "	"$138,832 "
MT	2004Q4	"$166,423 "	"$142,564 "
MT	2005Q1	"$170,445 "	"$145,937 "
MT	2005Q2	"$178,284 "	"$152,638 "
MT	2005Q3	"$182,780 "	"$156,589 "
MT	2005Q4	"$188,798 "	"$161,927 "
MT	2006Q1	"$194,869 "	"$167,121 "
MT	2006Q2	"$199,957 "	"$171,733 "
MT	2006Q3	"$205,638 "	"$176,921 "
MT	2006Q4	"$208,714 "	"$179,640 "
MT	2007Q1	"$209,771 "	"$180,710 "
MT	2007Q2	"$219,603 "	"$188,818 "
MT	2007Q3	"$218,991 "	"$188,281 "
MT	2007Q4	"$219,126 "	"$188,363 "
MT	2008Q1	"$218,338 "	"$187,534 "
MT	2008Q2	"$219,078 "	"$188,328 "
MT	2008Q3	"$217,817 "	"$187,401 "
MT	2008Q4	"$210,011 "	"$180,798 "
MT	2009Q1	"$211,951 "	"$182,241 "
MT	2009Q2	"$209,862 "	"$180,415 "
MT	2009Q3	"$209,655 "	"$180,512 "
MT	2009Q4	"$206,402 "	"$177,940 "
MT	2010Q1	"$207,074 "	"$178,462 "
MT	2010Q2	"$206,439 "	"$178,188 "
NC	2000Q1	"$133,078 "	"$113,656 "
NC	2000Q2	"$135,932 "	"$115,976 "
NC	2000Q3	"$137,834 "	"$117,744 "
NC	2000Q4	"$137,770 "	"$117,671 "
NC	2001Q1	"$139,809 "	"$119,309 "
NC	2001Q2	"$141,335 "	"$120,546 "
NC	2001Q3	"$143,675 "	"$122,434 "
NC	2001Q4	"$144,111 "	"$122,674 "
NC	2002Q1	"$145,785 "	"$123,956 "
NC	2002Q2	"$147,980 "	"$125,605 "
NC	2002Q3	"$149,951 "	"$127,041 "
NC	2002Q4	"$151,587 "	"$128,232 "
NC	2003Q1	"$152,387 "	"$128,741 "
NC	2003Q2	"$154,372 "	"$130,273 "
NC	2003Q3	"$156,952 "	"$132,183 "
NC	2003Q4	"$157,857 "	"$132,646 "
NC	2004Q1	"$159,213 "	"$133,343 "
NC	2004Q2	"$163,991 "	"$137,033 "
NC	2004Q3	"$166,344 "	"$138,602 "
NC	2004Q4	"$168,557 "	"$140,225 "
NC	2005Q1	"$172,982 "	"$143,719 "
NC	2005Q2	"$176,680 "	"$146,588 "
NC	2005Q3	"$180,926 "	"$149,650 "
NC	2005Q4	"$185,678 "	"$153,101 "
NC	2006Q1	"$188,310 "	"$154,792 "
NC	2006Q2	"$192,591 "	"$157,848 "
NC	2006Q3	"$195,957 "	"$160,279 "
NC	2006Q4	"$198,213 "	"$161,825 "
NC	2007Q1	"$199,607 "	"$162,674 "
NC	2007Q2	"$202,497 "	"$164,824 "
NC	2007Q3	"$203,769 "	"$165,683 "
NC	2007Q4	"$200,053 "	"$162,487 "
NC	2008Q1	"$199,541 "	"$161,711 "
NC	2008Q2	"$200,817 "	"$162,392 "
NC	2008Q3	"$197,166 "	"$159,321 "
NC	2008Q4	"$191,377 "	"$154,530 "
NC	2009Q1	"$190,249 "	"$153,639 "
NC	2009Q2	"$192,696 "	"$155,636 "
NC	2009Q3	"$192,729 "	"$155,793 "
NC	2009Q4	"$190,036 "	"$153,656 "
NC	2010Q1	"$186,743 "	"$150,703 "
NC	2010Q2	"$191,255 "	"$154,481 "
ND	2000Q1	"$82,569 "	"$75,151 "
ND	2000Q2	"$83,111 "	"$75,684 "
ND	2000Q3	"$84,113 "	"$76,607 "
ND	2000Q4	"$82,282 "	"$74,899 "
ND	2001Q1	"$85,601 "	"$77,767 "
ND	2001Q2	"$86,533 "	"$78,372 "
ND	2001Q3	"$86,837 "	"$78,621 "
ND	2001Q4	"$88,680 "	"$80,251 "
ND	2002Q1	"$88,779 "	"$80,241 "
ND	2002Q2	"$90,735 "	"$81,948 "
ND	2002Q3	"$93,469 "	"$84,431 "
ND	2002Q4	"$93,219 "	"$84,214 "
ND	2003Q1	"$95,138 "	"$85,739 "
ND	2003Q2	"$96,054 "	"$86,512 "
ND	2003Q3	"$99,742 "	"$89,622 "
ND	2003Q4	"$99,417 "	"$89,179 "
ND	2004Q1	"$99,529 "	"$89,123 "
ND	2004Q2	"$105,374 "	"$94,328 "
ND	2004Q3	"$107,055 "	"$95,679 "
ND	2004Q4	"$109,205 "	"$97,501 "
ND	2005Q1	"$112,914 "	"$100,504 "
ND	2005Q2	"$115,644 "	"$102,706 "
ND	2005Q3	"$118,656 "	"$105,216 "
ND	2005Q4	"$122,361 "	"$108,417 "
ND	2006Q1	"$122,798 "	"$108,897 "
ND	2006Q2	"$125,159 "	"$111,004 "
ND	2006Q3	"$128,168 "	"$113,621 "
ND	2006Q4	"$127,860 "	"$113,144 "
ND	2007Q1	"$131,516 "	"$116,318 "
ND	2007Q2	"$133,617 "	"$118,260 "
ND	2007Q3	"$137,491 "	"$121,379 "
ND	2007Q4	"$136,151 "	"$120,010 "
ND	2008Q1	"$135,604 "	"$119,842 "
ND	2008Q2	"$140,304 "	"$124,085 "
ND	2008Q3	"$141,708 "	"$125,812 "
ND	2008Q4	"$144,121 "	"$128,330 "
ND	2009Q1	"$143,791 "	"$128,243 "
ND	2009Q2	"$146,604 "	"$130,998 "
ND	2009Q3	"$146,834 "	"$131,526 "
ND	2009Q4	"$144,631 "	"$129,603 "
ND	2010Q1	"$150,410 "	"$135,386 "
ND	2010Q2	"$147,844 "	"$133,473 "
NE	2000Q1	"$105,509 "	"$92,312 "
NE	2000Q2	"$108,239 "	"$94,640 "
NE	2000Q3	"$108,988 "	"$95,297 "
NE	2000Q4	"$108,826 "	"$95,127 "
NE	2001Q1	"$109,807 "	"$95,967 "
NE	2001Q2	"$111,840 "	"$97,691 "
NE	2001Q3	"$112,397 "	"$98,452 "
NE	2001Q4	"$112,088 "	"$98,143 "
NE	2002Q1	"$113,152 "	"$98,996 "
NE	2002Q2	"$115,335 "	"$100,990 "
NE	2002Q3	"$116,888 "	"$102,381 "
NE	2002Q4	"$117,054 "	"$102,544 "
NE	2003Q1	"$117,747 "	"$102,974 "
NE	2003Q2	"$120,636 "	"$105,363 "
NE	2003Q3	"$122,251 "	"$106,648 "
NE	2003Q4	"$121,592 "	"$106,071 "
NE	2004Q1	"$122,604 "	"$106,900 "
NE	2004Q2	"$124,866 "	"$108,804 "
NE	2004Q3	"$128,033 "	"$111,451 "
NE	2004Q4	"$127,637 "	"$110,955 "
NE	2005Q1	"$128,324 "	"$111,424 "
NE	2005Q2	"$131,355 "	"$113,805 "
NE	2005Q3	"$134,287 "	"$116,185 "
NE	2005Q4	"$134,025 "	"$115,692 "
NE	2006Q1	"$134,384 "	"$115,806 "
NE	2006Q2	"$138,061 "	"$118,701 "
NE	2006Q3	"$138,374 "	"$118,770 "
NE	2006Q4	"$135,162 "	"$115,809 "
NE	2007Q1	"$136,265 "	"$116,560 "
NE	2007Q2	"$138,904 "	"$118,734 "
NE	2007Q3	"$139,227 "	"$118,852 "
NE	2007Q4	"$135,622 "	"$115,624 "
NE	2008Q1	"$134,729 "	"$114,967 "
NE	2008Q2	"$136,999 "	"$116,981 "
NE	2008Q3	"$136,936 "	"$116,952 "
NE	2008Q4	"$135,086 "	"$115,533 "
NE	2009Q1	"$132,173 "	"$113,237 "
NE	2009Q2	"$137,423 "	"$117,927 "
NE	2009Q3	"$137,496 "	"$118,273 "
NE	2009Q4	"$137,483 "	"$118,496 "
NE	2010Q1	"$135,116 "	"$116,669 "
NE	2010Q2	"$139,325 "	"$120,415 "
NH	2000Q1	"$159,415 "	"$137,491 "
NH	2000Q2	"$165,800 "	"$142,996 "
NH	2000Q3	"$170,499 "	"$147,533 "
NH	2000Q4	"$176,624 "	"$152,736 "
NH	2001Q1	"$179,077 "	"$154,940 "
NH	2001Q2	"$187,490 "	"$162,279 "
NH	2001Q3	"$194,863 "	"$168,576 "
NH	2001Q4	"$198,732 "	"$171,796 "
NH	2002Q1	"$200,272 "	"$173,569 "
NH	2002Q2	"$209,105 "	"$181,418 "
NH	2002Q3	"$218,398 "	"$189,883 "
NH	2002Q4	"$222,511 "	"$193,839 "
NH	2003Q1	"$227,576 "	"$198,358 "
NH	2003Q2	"$235,153 "	"$205,047 "
NH	2003Q3	"$242,584 "	"$211,813 "
NH	2003Q4	"$246,906 "	"$215,808 "
NH	2004Q1	"$252,675 "	"$221,484 "
NH	2004Q2	"$261,449 "	"$229,560 "
NH	2004Q3	"$267,360 "	"$235,181 "
NH	2004Q4	"$273,968 "	"$241,240 "
NH	2005Q1	"$275,623 "	"$243,260 "
NH	2005Q2	"$287,152 "	"$253,714 "
NH	2005Q3	"$294,549 "	"$260,800 "
NH	2005Q4	"$291,801 "	"$258,513 "
NH	2006Q1	"$292,376 "	"$259,243 "
NH	2006Q2	"$296,926 "	"$263,242 "
NH	2006Q3	"$292,789 "	"$259,719 "
NH	2006Q4	"$287,759 "	"$255,432 "
NH	2007Q1	"$283,589 "	"$251,883 "
NH	2007Q2	"$286,905 "	"$254,856 "
NH	2007Q3	"$282,253 "	"$250,698 "
NH	2007Q4	"$272,955 "	"$241,908 "
NH	2008Q1	"$264,784 "	"$234,463 "
NH	2008Q2	"$267,773 "	"$236,445 "
NH	2008Q3	"$263,940 "	"$232,610 "
NH	2008Q4	"$250,302 "	"$220,129 "
NH	2009Q1	"$248,860 "	"$217,815 "
NH	2009Q2	"$252,687 "	"$221,159 "
NH	2009Q3	"$254,805 "	"$223,006 "
NH	2009Q4	"$248,331 "	"$216,599 "
NH	2010Q1	"$245,433 "	"$213,425 "
NH	2010Q2	"$254,399 "	"$220,625 "
NJ	2000Q1	"$200,858 "	"$174,675 "
NJ	2000Q2	"$208,470 "	"$180,086 "
NJ	2000Q3	"$214,453 "	"$184,789 "
NJ	2000Q4	"$218,091 "	"$187,457 "
NJ	2001Q1	"$222,853 "	"$191,128 "
NJ	2001Q2	"$231,003 "	"$198,019 "
NJ	2001Q3	"$240,112 "	"$205,626 "
NJ	2001Q4	"$245,093 "	"$209,495 "
NJ	2002Q1	"$250,031 "	"$213,506 "
NJ	2002Q2	"$262,384 "	"$223,977 "
NJ	2002Q3	"$273,585 "	"$233,438 "
NJ	2002Q4	"$281,331 "	"$240,573 "
NJ	2003Q1	"$284,384 "	"$243,317 "
NJ	2003Q2	"$297,270 "	"$254,385 "
NJ	2003Q3	"$308,311 "	"$264,048 "
NJ	2003Q4	"$316,374 "	"$271,137 "
NJ	2004Q1	"$317,105 "	"$271,743 "
NJ	2004Q2	"$331,099 "	"$283,633 "
NJ	2004Q3	"$342,310 "	"$293,648 "
NJ	2004Q4	"$351,589 "	"$302,188 "
NJ	2005Q1	"$357,923 "	"$307,986 "
NJ	2005Q2	"$373,031 "	"$322,993 "
NJ	2005Q3	"$384,047 "	"$333,121 "
NJ	2005Q4	"$389,005 "	"$337,758 "
NJ	2006Q1	"$393,269 "	"$341,830 "
NJ	2006Q2	"$401,432 "	"$349,000 "
NJ	2006Q3	"$403,045 "	"$350,403 "
NJ	2006Q4	"$397,448 "	"$346,030 "
NJ	2007Q1	"$394,765 "	"$344,337 "
NJ	2007Q2	"$394,240 "	"$343,827 "
NJ	2007Q3	"$389,559 "	"$339,665 "
NJ	2007Q4	"$381,679 "	"$333,016 "
NJ	2008Q1	"$373,916 "	"$326,261 "
NJ	2008Q2	"$365,110 "	"$318,439 "
NJ	2008Q3	"$357,874 "	"$311,350 "
NJ	2008Q4	"$347,751 "	"$301,939 "
NJ	2009Q1	"$337,446 "	"$292,955 "
NJ	2009Q2	"$331,292 "	"$287,718 "
NJ	2009Q3	"$331,283 "	"$287,571 "
NJ	2009Q4	"$326,914 "	"$283,822 "
NJ	2010Q1	"$318,315 "	"$276,180 "
NJ	2010Q2	"$325,722 "	"$282,633 "
NM	2000Q1	"$123,624 "	"$107,158 "
NM	2000Q2	"$126,174 "	"$109,050 "
NM	2000Q3	"$127,273 "	"$109,845 "
NM	2000Q4	"$126,764 "	"$109,152 "
NM	2001Q1	"$128,658 "	"$110,397 "
NM	2001Q2	"$131,737 "	"$112,717 "
NM	2001Q3	"$132,727 "	"$113,227 "
NM	2001Q4	"$133,031 "	"$113,183 "
NM	2002Q1	"$135,003 "	"$114,610 "
NM	2002Q2	"$138,893 "	"$117,656 "
NM	2002Q3	"$140,899 "	"$119,115 "
NM	2002Q4	"$142,086 "	"$119,971 "
NM	2003Q1	"$143,814 "	"$121,133 "
NM	2003Q2	"$147,917 "	"$124,225 "
NM	2003Q3	"$150,917 "	"$126,634 "
NM	2003Q4	"$153,578 "	"$128,744 "
NM	2004Q1	"$155,242 "	"$130,079 "
NM	2004Q2	"$160,543 "	"$134,411 "
NM	2004Q3	"$164,453 "	"$137,650 "
NM	2004Q4	"$166,864 "	"$139,527 "
NM	2005Q1	"$172,181 "	"$143,831 "
NM	2005Q2	"$178,044 "	"$148,840 "
NM	2005Q3	"$185,187 "	"$154,610 "
NM	2005Q4	"$190,466 "	"$159,144 "
NM	2006Q1	"$193,378 "	"$161,755 "
NM	2006Q2	"$203,020 "	"$169,710 "
NM	2006Q3	"$207,875 "	"$174,030 "
NM	2006Q4	"$210,400 "	"$176,435 "
NM	2007Q1	"$210,792 "	"$177,050 "
NM	2007Q2	"$214,483 "	"$180,355 "
NM	2007Q3	"$212,686 "	"$179,068 "
NM	2007Q4	"$209,631 "	"$176,534 "
NM	2008Q1	"$208,681 "	"$175,777 "
NM	2008Q2	"$208,141 "	"$175,736 "
NM	2008Q3	"$205,217 "	"$173,633 "
NM	2008Q4	"$200,789 "	"$170,039 "
NM	2009Q1	"$195,860 "	"$165,956 "
NM	2009Q2	"$197,176 "	"$167,356 "
NM	2009Q3	"$196,216 "	"$166,826 "
NM	2009Q4	"$193,212 "	"$164,688 "
NM	2010Q1	"$190,476 "	"$162,451 "
NM	2010Q2	"$188,610 "	"$161,176 "
NV	2000Q1	"$172,486 "	"$138,100 "
NV	2000Q2	"$176,681 "	"$140,706 "
NV	2000Q3	"$179,316 "	"$142,206 "
NV	2000Q4	"$181,690 "	"$143,828 "
NV	2001Q1	"$184,613 "	"$145,696 "
NV	2001Q2	"$187,861 "	"$148,503 "
NV	2001Q3	"$191,512 "	"$151,582 "
NV	2001Q4	"$194,136 "	"$153,494 "
NV	2002Q1	"$196,562 "	"$155,140 "
NV	2002Q2	"$201,953 "	"$159,307 "
NV	2002Q3	"$205,718 "	"$162,459 "
NV	2002Q4	"$207,881 "	"$165,643 "
NV	2003Q1	"$211,820 "	"$168,845 "
NV	2003Q2	"$219,853 "	"$175,493 "
NV	2003Q3	"$229,770 "	"$183,410 "
NV	2003Q4	"$240,735 "	"$193,299 "
NV	2004Q1	"$254,139 "	"$206,256 "
NV	2004Q2	"$280,464 "	"$228,688 "
NV	2004Q3	"$304,177 "	"$249,133 "
NV	2004Q4	"$316,630 "	"$260,302 "
NV	2005Q1	"$327,567 "	"$271,038 "
NV	2005Q2	"$343,838 "	"$286,602 "
NV	2005Q3	"$355,490 "	"$298,097 "
NV	2005Q4	"$358,697 "	"$303,092 "
NV	2006Q1	"$359,825 "	"$306,419 "
NV	2006Q2	"$361,440 "	"$308,372 "
NV	2006Q3	"$356,366 "	"$304,643 "
NV	2006Q4	"$350,514 "	"$299,853 "
NV	2007Q1	"$343,026 "	"$293,218 "
NV	2007Q2	"$334,875 "	"$286,391 "
NV	2007Q3	"$321,329 "	"$274,668 "
NV	2007Q4	"$297,186 "	"$254,191 "
NV	2008Q1	"$269,954 "	"$231,080 "
NV	2008Q2	"$256,305 "	"$219,721 "
NV	2008Q3	"$240,377 "	"$206,446 "
NV	2008Q4	"$217,593 "	"$187,168 "
NV	2009Q1	"$199,332 "	"$171,729 "
NV	2009Q2	"$187,169 "	"$161,238 "
NV	2009Q3	"$182,815 "	"$157,191 "
NV	2009Q4	"$181,443 "	"$155,826 "
NV	2010Q1	"$179,626 "	"$153,925 "
NV	2010Q2	"$179,627 "	"$153,364 "
NY	2000Q1	"$166,063 "	"$140,191 "
NY	2000Q2	"$171,435 "	"$144,207 "
NY	2000Q3	"$178,618 "	"$149,904 "
NY	2000Q4	"$181,149 "	"$151,845 "
NY	2001Q1	"$183,536 "	"$153,570 "
NY	2001Q2	"$189,954 "	"$159,043 "
NY	2001Q3	"$197,734 "	"$165,431 "
NY	2001Q4	"$202,439 "	"$169,272 "
NY	2002Q1	"$204,698 "	"$171,398 "
NY	2002Q2	"$212,491 "	"$177,902 "
NY	2002Q3	"$221,519 "	"$185,729 "
NY	2002Q4	"$228,758 "	"$192,086 "
NY	2003Q1	"$234,003 "	"$196,721 "
NY	2003Q2	"$242,519 "	"$203,936 "
NY	2003Q3	"$252,585 "	"$212,634 "
NY	2003Q4	"$258,012 "	"$217,530 "
NY	2004Q1	"$257,529 "	"$217,399 "
NY	2004Q2	"$267,163 "	"$225,547 "
NY	2004Q3	"$275,371 "	"$232,576 "
NY	2004Q4	"$282,435 "	"$238,777 "
NY	2005Q1	"$286,329 "	"$242,320 "
NY	2005Q2	"$298,652 "	"$252,944 "
NY	2005Q3	"$310,448 "	"$262,795 "
NY	2005Q4	"$319,508 "	"$270,289 "
NY	2006Q1	"$321,794 "	"$271,880 "
NY	2006Q2	"$329,308 "	"$277,722 "
NY	2006Q3	"$333,950 "	"$281,159 "
NY	2006Q4	"$335,278 "	"$281,796 "
NY	2007Q1	"$333,100 "	"$279,435 "
NY	2007Q2	"$334,488 "	"$279,782 "
NY	2007Q3	"$335,966 "	"$279,873 "
NY	2007Q4	"$332,384 "	"$276,152 "
NY	2008Q1	"$326,565 "	"$270,094 "
NY	2008Q2	"$325,824 "	"$268,844 "
NY	2008Q3	"$320,230 "	"$263,545 "
NY	2008Q4	"$311,667 "	"$256,076 "
NY	2009Q1	"$301,754 "	"$247,773 "
NY	2009Q2	"$301,862 "	"$247,838 "
NY	2009Q3	"$304,431 "	"$249,879 "
NY	2009Q4	"$299,764 "	"$246,227 "
NY	2010Q1	"$292,542 "	"$240,132 "
NY	2010Q2	"$299,812 "	"$245,858 "
OH	2000Q1	"$121,440 "	"$105,574 "
OH	2000Q2	"$124,437 "	"$108,115 "
OH	2000Q3	"$125,341 "	"$108,857 "
OH	2000Q4	"$126,353 "	"$109,593 "
OH	2001Q1	"$126,912 "	"$110,092 "
OH	2001Q2	"$128,853 "	"$111,786 "
OH	2001Q3	"$129,989 "	"$112,776 "
OH	2001Q4	"$130,422 "	"$113,094 "
OH	2002Q1	"$130,990 "	"$113,523 "
OH	2002Q2	"$133,360 "	"$115,600 "
OH	2002Q3	"$134,506 "	"$116,595 "
OH	2002Q4	"$134,851 "	"$116,867 "
OH	2003Q1	"$135,117 "	"$116,998 "
OH	2003Q2	"$137,962 "	"$119,467 "
OH	2003Q3	"$139,191 "	"$120,524 "
OH	2003Q4	"$140,113 "	"$121,345 "
OH	2004Q1	"$137,915 "	"$119,631 "
OH	2004Q2	"$140,686 "	"$122,002 "
OH	2004Q3	"$141,976 "	"$123,108 "
OH	2004Q4	"$141,645 "	"$122,828 "
OH	2005Q1	"$141,648 "	"$122,864 "
OH	2005Q2	"$145,512 "	"$126,154 "
OH	2005Q3	"$146,444 "	"$126,974 "
OH	2005Q4	"$145,227 "	"$125,916 "
OH	2006Q1	"$143,778 "	"$124,581 "
OH	2006Q2	"$147,300 "	"$127,500 "
OH	2006Q3	"$147,982 "	"$127,958 "
OH	2006Q4	"$144,898 "	"$125,217 "
OH	2007Q1	"$141,976 "	"$122,632 "
OH	2007Q2	"$144,207 "	"$124,391 "
OH	2007Q3	"$142,969 "	"$123,248 "
OH	2007Q4	"$136,493 "	"$117,647 "
OH	2008Q1	"$132,293 "	"$113,999 "
OH	2008Q2	"$135,736 "	"$116,786 "
OH	2008Q3	"$132,914 "	"$114,392 "
OH	2008Q4	"$122,425 "	"$105,239 "
OH	2009Q1	"$118,917 "	"$102,129 "
OH	2009Q2	"$125,969 "	"$108,200 "
OH	2009Q3	"$130,512 "	"$112,138 "
OH	2009Q4	"$129,388 "	"$111,275 "
OH	2010Q1	"$125,561 "	"$108,044 "
OH	2010Q2	"$132,093 "	"$113,730 "
OK	2000Q1	"$91,320 "	"$78,663 "
OK	2000Q2	"$92,151 "	"$79,829 "
OK	2000Q3	"$93,174 "	"$80,563 "
OK	2000Q4	"$93,109 "	"$80,460 "
OK	2001Q1	"$94,081 "	"$81,143 "
OK	2001Q2	"$95,437 "	"$82,253 "
OK	2001Q3	"$96,993 "	"$83,548 "
OK	2001Q4	"$97,765 "	"$84,074 "
OK	2002Q1	"$98,260 "	"$84,552 "
OK	2002Q2	"$99,851 "	"$85,845 "
OK	2002Q3	"$101,510 "	"$87,174 "
OK	2002Q4	"$101,942 "	"$87,442 "
OK	2003Q1	"$103,153 "	"$88,292 "
OK	2003Q2	"$105,011 "	"$89,874 "
OK	2003Q3	"$106,642 "	"$91,129 "
OK	2003Q4	"$107,056 "	"$91,518 "
OK	2004Q1	"$107,271 "	"$91,709 "
OK	2004Q2	"$109,565 "	"$93,609 "
OK	2004Q3	"$110,977 "	"$94,808 "
OK	2004Q4	"$112,647 "	"$96,174 "
OK	2005Q1	"$114,125 "	"$97,449 "
OK	2005Q2	"$115,854 "	"$98,941 "
OK	2005Q3	"$118,817 "	"$101,464 "
OK	2005Q4	"$120,571 "	"$102,889 "
OK	2006Q1	"$121,995 "	"$104,154 "
OK	2006Q2	"$124,848 "	"$106,559 "
OK	2006Q3	"$126,342 "	"$107,683 "
OK	2006Q4	"$126,231 "	"$107,510 "
OK	2007Q1	"$127,776 "	"$108,650 "
OK	2007Q2	"$130,093 "	"$110,508 "
OK	2007Q3	"$132,065 "	"$112,133 "
OK	2007Q4	"$131,052 "	"$111,300 "
OK	2008Q1	"$129,800 "	"$110,386 "
OK	2008Q2	"$132,636 "	"$112,859 "
OK	2008Q3	"$133,796 "	"$113,918 "
OK	2008Q4	"$131,143 "	"$111,663 "
OK	2009Q1	"$130,713 "	"$111,560 "
OK	2009Q2	"$133,250 "	"$113,879 "
OK	2009Q3	"$135,248 "	"$115,846 "
OK	2009Q4	"$134,494 "	"$115,548 "
OK	2010Q1	"$131,778 "	"$113,490 "
OK	2010Q2	"$137,614 "	"$118,771 "
OR	2000Q1	"$155,926 "	"$138,338 "
OR	2000Q2	"$158,445 "	"$140,492 "
OR	2000Q3	"$159,439 "	"$141,306 "
OR	2000Q4	"$160,410 "	"$141,979 "
OR	2001Q1	"$162,670 "	"$143,818 "
OR	2001Q2	"$165,070 "	"$145,891 "
OR	2001Q3	"$167,463 "	"$147,796 "
OR	2001Q4	"$168,208 "	"$148,330 "
OR	2002Q1	"$169,552 "	"$149,476 "
OR	2002Q2	"$173,087 "	"$152,426 "
OR	2002Q3	"$176,158 "	"$155,083 "
OR	2002Q4	"$177,902 "	"$156,369 "
OR	2003Q1	"$180,479 "	"$158,459 "
OR	2003Q2	"$184,596 "	"$162,049 "
OR	2003Q3	"$189,006 "	"$165,750 "
OR	2003Q4	"$192,041 "	"$168,116 "
OR	2004Q1	"$194,474 "	"$170,107 "
OR	2004Q2	"$201,919 "	"$176,569 "
OR	2004Q3	"$209,616 "	"$183,048 "
OR	2004Q4	"$215,379 "	"$188,074 "
OR	2005Q1	"$222,468 "	"$194,102 "
OR	2005Q2	"$235,094 "	"$205,027 "
OR	2005Q3	"$248,918 "	"$217,085 "
OR	2005Q4	"$257,820 "	"$224,829 "
OR	2006Q1	"$266,053 "	"$231,758 "
OR	2006Q2	"$278,183 "	"$242,298 "
OR	2006Q3	"$285,018 "	"$248,251 "
OR	2006Q4	"$285,750 "	"$248,847 "
OR	2007Q1	"$288,348 "	"$251,043 "
OR	2007Q2	"$294,166 "	"$256,098 "
OR	2007Q3	"$292,436 "	"$254,688 "
OR	2007Q4	"$283,881 "	"$247,456 "
OR	2008Q1	"$278,883 "	"$243,306 "
OR	2008Q2	"$277,045 "	"$241,845 "
OR	2008Q3	"$270,235 "	"$236,080 "
OR	2008Q4	"$257,064 "	"$224,840 "
OR	2009Q1	"$249,139 "	"$218,190 "
OR	2009Q2	"$244,229 "	"$214,277 "
OR	2009Q3	"$243,506 "	"$213,878 "
OR	2009Q4	"$239,670 "	"$210,717 "
OR	2010Q1	"$227,892 "	"$200,616 "
OR	2010Q2	"$234,853 "	"$206,977 "
PA	2000Q1	"$117,279 "	"$100,715 "
PA	2000Q2	"$120,120 "	"$103,051 "
PA	2000Q3	"$121,812 "	"$104,271 "
PA	2000Q4	"$122,991 "	"$105,082 "
PA	2001Q1	"$123,273 "	"$105,149 "
PA	2001Q2	"$127,266 "	"$108,287 "
PA	2001Q3	"$129,945 "	"$110,412 "
PA	2001Q4	"$130,443 "	"$110,656 "
PA	2002Q1	"$132,262 "	"$112,182 "
PA	2002Q2	"$135,779 "	"$115,058 "
PA	2002Q3	"$139,192 "	"$117,794 "
PA	2002Q4	"$141,345 "	"$119,500 "
PA	2003Q1	"$142,782 "	"$120,673 "
PA	2003Q2	"$146,830 "	"$124,033 "
PA	2003Q3	"$151,225 "	"$127,752 "
PA	2003Q4	"$152,373 "	"$128,832 "
PA	2004Q1	"$153,574 "	"$129,701 "
PA	2004Q2	"$159,580 "	"$134,928 "
PA	2004Q3	"$163,413 "	"$138,162 "
PA	2004Q4	"$165,410 "	"$139,872 "
PA	2005Q1	"$167,335 "	"$141,473 "
PA	2005Q2	"$174,168 "	"$147,277 "
PA	2005Q3	"$179,679 "	"$151,985 "
PA	2005Q4	"$180,664 "	"$152,894 "
PA	2006Q1	"$182,123 "	"$154,098 "
PA	2006Q2	"$188,347 "	"$159,439 "
PA	2006Q3	"$189,926 "	"$160,848 "
PA	2006Q4	"$189,173 "	"$160,248 "
PA	2007Q1	"$188,136 "	"$159,420 "
PA	2007Q2	"$191,075 "	"$161,909 "
PA	2007Q3	"$191,592 "	"$162,530 "
PA	2007Q4	"$189,021 "	"$160,406 "
PA	2008Q1	"$185,878 "	"$157,859 "
PA	2008Q2	"$187,339 "	"$159,147 "
PA	2008Q3	"$186,723 "	"$158,686 "
PA	2008Q4	"$182,293 "	"$155,028 "
PA	2009Q1	"$177,644 "	"$151,252 "
PA	2009Q2	"$181,690 "	"$154,897 "
PA	2009Q3	"$180,607 "	"$154,347 "
PA	2009Q4	"$179,261 "	"$153,585 "
PA	2010Q1	"$173,885 "	"$149,333 "
PA	2010Q2	"$178,266 "	"$153,439 "
RI	2000Q1	"$160,991 "	"$138,459 "
RI	2000Q2	"$168,544 "	"$144,691 "
RI	2000Q3	"$174,262 "	"$149,000 "
RI	2000Q4	"$176,649 "	"$150,707 "
RI	2001Q1	"$180,796 "	"$153,535 "
RI	2001Q2	"$189,669 "	"$160,731 "
RI	2001Q3	"$197,710 "	"$167,126 "
RI	2001Q4	"$204,055 "	"$172,193 "
RI	2002Q1	"$209,117 "	"$176,242 "
RI	2002Q2	"$221,035 "	"$186,017 "
RI	2002Q3	"$234,206 "	"$196,936 "
RI	2002Q4	"$244,020 "	"$205,143 "
RI	2003Q1	"$250,938 "	"$210,490 "
RI	2003Q2	"$261,273 "	"$219,481 "
RI	2003Q3	"$272,178 "	"$228,844 "
RI	2003Q4	"$280,036 "	"$235,607 "
RI	2004Q1	"$287,875 "	"$242,582 "
RI	2004Q2	"$304,189 "	"$256,417 "
RI	2004Q3	"$319,348 "	"$269,538 "
RI	2004Q4	"$324,035 "	"$274,156 "
RI	2005Q1	"$331,399 "	"$281,620 "
RI	2005Q2	"$340,869 "	"$291,085 "
RI	2005Q3	"$346,945 "	"$297,394 "
RI	2005Q4	"$344,524 "	"$296,002 "
RI	2006Q1	"$346,357 "	"$298,458 "
RI	2006Q2	"$348,348 "	"$300,890 "
RI	2006Q3	"$348,580 "	"$301,325 "
RI	2006Q4	"$341,554 "	"$295,261 "
RI	2007Q1	"$332,010 "	"$287,217 "
RI	2007Q2	"$333,184 "	"$288,228 "
RI	2007Q3	"$326,920 "	"$282,229 "
RI	2007Q4	"$313,903 "	"$270,415 "
RI	2008Q1	"$301,495 "	"$259,965 "
RI	2008Q2	"$293,920 "	"$253,517 "
RI	2008Q3	"$281,792 "	"$242,514 "
RI	2008Q4	"$273,608 "	"$235,114 "
RI	2009Q1	"$268,358 "	"$230,140 "
RI	2009Q2	"$266,846 "	"$228,716 "
RI	2009Q3	"$265,287 "	"$227,651 "
RI	2009Q4	"$268,022 "	"$229,759 "
RI	2010Q1	"$257,997 "	"$221,194 "
RI	2010Q2	"$269,788 "	"$230,354 "
SC	2000Q1	"$130,030 "	"$107,171 "
SC	2000Q2	"$132,233 "	"$109,233 "
SC	2000Q3	"$133,976 "	"$110,594 "
SC	2000Q4	"$133,828 "	"$110,443 "
SC	2001Q1	"$135,100 "	"$111,147 "
SC	2001Q2	"$137,183 "	"$112,744 "
SC	2001Q3	"$139,069 "	"$114,080 "
SC	2001Q4	"$138,413 "	"$114,185 "
SC	2002Q1	"$140,087 "	"$115,551 "
SC	2002Q2	"$140,952 "	"$116,414 "
SC	2002Q3	"$142,585 "	"$117,516 "
SC	2002Q4	"$143,351 "	"$118,045 "
SC	2003Q1	"$144,401 "	"$118,893 "
SC	2003Q2	"$146,928 "	"$120,775 "
SC	2003Q3	"$147,848 "	"$121,427 "
SC	2003Q4	"$149,062 "	"$122,201 "
SC	2004Q1	"$150,299 "	"$123,083 "
SC	2004Q2	"$152,872 "	"$124,870 "
SC	2004Q3	"$156,348 "	"$127,430 "
SC	2004Q4	"$159,904 "	"$129,946 "
SC	2005Q1	"$162,417 "	"$131,960 "
SC	2005Q2	"$167,692 "	"$135,733 "
SC	2005Q3	"$172,990 "	"$139,676 "
SC	2005Q4	"$176,776 "	"$142,455 "
SC	2006Q1	"$179,445 "	"$144,268 "
SC	2006Q2	"$185,157 "	"$148,165 "
SC	2006Q3	"$187,700 "	"$149,989 "
SC	2006Q4	"$189,224 "	"$150,795 "
SC	2007Q1	"$191,440 "	"$152,002 "
SC	2007Q2	"$194,350 "	"$153,825 "
SC	2007Q3	"$192,894 "	"$152,468 "
SC	2007Q4	"$188,683 "	"$148,936 "
SC	2008Q1	"$189,390 "	"$149,005 "
SC	2008Q2	"$187,614 "	"$147,638 "
SC	2008Q3	"$183,612 "	"$144,540 "
SC	2008Q4	"$175,716 "	"$138,497 "
SC	2009Q1	"$172,912 "	"$135,838 "
SC	2009Q2	"$174,270 "	"$137,115 "
SC	2009Q3	"$173,738 "	"$137,039 "
SC	2009Q4	"$172,861 "	"$136,597 "
SC	2010Q1	"$166,605 "	"$131,720 "
SC	2010Q2	"$171,514 "	"$135,855 "
SD	2000Q1	"$104,646 "	"$91,971 "
SD	2000Q2	"$108,257 "	"$94,964 "
SD	2000Q3	"$110,107 "	"$96,323 "
SD	2000Q4	"$109,853 "	"$96,020 "
SD	2001Q1	"$112,656 "	"$98,653 "
SD	2001Q2	"$115,225 "	"$100,765 "
SD	2001Q3	"$117,909 "	"$103,089 "
SD	2001Q4	"$118,365 "	"$103,444 "
SD	2002Q1	"$119,546 "	"$104,395 "
SD	2002Q2	"$122,852 "	"$107,313 "
SD	2002Q3	"$123,595 "	"$108,052 "
SD	2002Q4	"$125,431 "	"$109,741 "
SD	2003Q1	"$126,956 "	"$111,276 "
SD	2003Q2	"$130,426 "	"$114,654 "
SD	2003Q3	"$133,313 "	"$117,444 "
SD	2003Q4	"$132,561 "	"$117,161 "
SD	2004Q1	"$135,500 "	"$120,040 "
SD	2004Q2	"$138,401 "	"$122,777 "
SD	2004Q3	"$141,695 "	"$125,852 "
SD	2004Q4	"$142,763 "	"$127,185 "
SD	2005Q1	"$146,195 "	"$130,275 "
SD	2005Q2	"$151,559 "	"$135,164 "
SD	2005Q3	"$152,129 "	"$135,882 "
SD	2005Q4	"$155,141 "	"$138,769 "
SD	2006Q1	"$155,989 "	"$139,404 "
SD	2006Q2	"$161,508 "	"$144,579 "
SD	2006Q3	"$161,745 "	"$144,801 "
SD	2006Q4	"$162,093 "	"$145,299 "
SD	2007Q1	"$163,820 "	"$146,735 "
SD	2007Q2	"$167,748 "	"$150,149 "
SD	2007Q3	"$169,021 "	"$151,137 "
SD	2007Q4	"$170,166 "	"$152,224 "
SD	2008Q1	"$171,518 "	"$153,301 "
SD	2008Q2	"$173,907 "	"$155,104 "
SD	2008Q3	"$173,138 "	"$154,435 "
SD	2008Q4	"$170,314 "	"$151,717 "
SD	2009Q1	"$172,523 "	"$153,488 "
SD	2009Q2	"$175,827 "	"$156,344 "
SD	2009Q3	"$176,248 "	"$156,588 "
SD	2009Q4	"$174,125 "	"$154,651 "
SD	2010Q1	"$176,119 "	"$156,463 "
SD	2010Q2	"$175,849 "	"$156,243 "
TN	2000Q1	"$112,128 "	"$88,530 "
TN	2000Q2	"$114,246 "	"$90,444 "
TN	2000Q3	"$115,029 "	"$90,916 "
TN	2000Q4	"$115,676 "	"$91,394 "
TN	2001Q1	"$116,018 "	"$91,601 "
TN	2001Q2	"$119,213 "	"$93,898 "
TN	2001Q3	"$119,555 "	"$94,118 "
TN	2001Q4	"$120,807 "	"$94,988 "
TN	2002Q1	"$121,132 "	"$95,161 "
TN	2002Q2	"$123,922 "	"$97,188 "
TN	2002Q3	"$124,687 "	"$97,746 "
TN	2002Q4	"$123,936 "	"$98,136 "
TN	2003Q1	"$125,900 "	"$99,400 "
TN	2003Q2	"$127,434 "	"$100,580 "
TN	2003Q3	"$129,317 "	"$101,975 "
TN	2003Q4	"$130,161 "	"$102,546 "
TN	2004Q1	"$131,236 "	"$103,395 "
TN	2004Q2	"$134,509 "	"$105,885 "
TN	2004Q3	"$137,467 "	"$108,243 "
TN	2004Q4	"$139,278 "	"$109,725 "
TN	2005Q1	"$142,160 "	"$111,995 "
TN	2005Q2	"$145,966 "	"$114,925 "
TN	2005Q3	"$149,589 "	"$117,886 "
TN	2005Q4	"$152,652 "	"$120,252 "
TN	2006Q1	"$155,282 "	"$122,268 "
TN	2006Q2	"$158,446 "	"$124,907 "
TN	2006Q3	"$161,501 "	"$127,299 "
TN	2006Q4	"$163,060 "	"$128,536 "
TN	2007Q1	"$163,547 "	"$128,862 "
TN	2007Q2	"$166,292 "	"$131,017 "
TN	2007Q3	"$167,000 "	"$131,488 "
TN	2007Q4	"$164,461 "	"$129,387 "
TN	2008Q1	"$161,949 "	"$127,538 "
TN	2008Q2	"$163,087 "	"$128,407 "
TN	2008Q3	"$161,829 "	"$127,221 "
TN	2008Q4	"$155,660 "	"$122,137 "
TN	2009Q1	"$153,245 "	"$120,050 "
TN	2009Q2	"$156,223 "	"$122,417 "
TN	2009Q3	"$157,919 "	"$123,748 "
TN	2009Q4	"$157,028 "	"$122,956 "
TN	2010Q1	"$152,040 "	"$118,940 "
TN	2010Q2	"$158,176 "	"$123,613 "
TX	2000Q1	"$114,205 "	"$96,405 "
TX	2000Q2	"$116,799 "	"$98,544 "
TX	2000Q3	"$118,761 "	"$100,137 "
TX	2000Q4	"$120,122 "	"$101,226 "
TX	2001Q1	"$121,195 "	"$102,129 "
TX	2001Q2	"$123,773 "	"$104,236 "
TX	2001Q3	"$125,274 "	"$105,416 "
TX	2001Q4	"$125,755 "	"$105,793 "
TX	2002Q1	"$126,572 "	"$106,483 "
TX	2002Q2	"$128,938 "	"$108,474 "
TX	2002Q3	"$129,894 "	"$109,236 "
TX	2002Q4	"$130,323 "	"$109,557 "
TX	2003Q1	"$131,102 "	"$110,197 "
TX	2003Q2	"$132,461 "	"$111,297 "
TX	2003Q3	"$132,884 "	"$111,592 "
TX	2003Q4	"$133,438 "	"$112,022 "
TX	2004Q1	"$133,364 "	"$111,904 "
TX	2004Q2	"$136,357 "	"$114,207 "
TX	2004Q3	"$137,462 "	"$115,030 "
TX	2004Q4	"$138,357 "	"$115,674 "
TX	2005Q1	"$139,058 "	"$116,246 "
TX	2005Q2	"$142,428 "	"$118,912 "
TX	2005Q3	"$144,794 "	"$120,766 "
TX	2005Q4	"$146,501 "	"$122,021 "
TX	2006Q1	"$149,113 "	"$124,078 "
TX	2006Q2	"$152,337 "	"$126,529 "
TX	2006Q3	"$154,330 "	"$128,055 "
TX	2006Q4	"$155,683 "	"$128,994 "
TX	2007Q1	"$157,840 "	"$130,603 "
TX	2007Q2	"$161,913 "	"$133,741 "
TX	2007Q3	"$162,881 "	"$134,501 "
TX	2007Q4	"$160,852 "	"$132,770 "
TX	2008Q1	"$160,194 "	"$132,281 "
TX	2008Q2	"$161,250 "	"$133,250 "
TX	2008Q3	"$161,929 "	"$134,055 "
TX	2008Q4	"$155,966 "	"$129,392 "
TX	2009Q1	"$154,720 "	"$128,510 "
TX	2009Q2	"$158,571 "	"$132,038 "
TX	2009Q3	"$160,026 "	"$133,542 "
TX	2009Q4	"$158,743 "	"$132,889 "
TX	2010Q1	"$157,123 "	"$131,764 "
TX	2010Q2	"$160,510 "	"$134,854 "
UT	2000Q1	"$150,740 "	"$133,909 "
UT	2000Q2	"$152,453 "	"$135,466 "
UT	2000Q3	"$153,586 "	"$136,363 "
UT	2000Q4	"$153,922 "	"$136,571 "
UT	2001Q1	"$154,602 "	"$137,056 "
UT	2001Q2	"$156,659 "	"$138,713 "
UT	2001Q3	"$157,103 "	"$138,874 "
UT	2001Q4	"$157,637 "	"$139,017 "
UT	2002Q1	"$157,355 "	"$138,624 "
UT	2002Q2	"$159,192 "	"$140,051 "
UT	2002Q3	"$160,193 "	"$140,773 "
UT	2002Q4	"$161,476 "	"$141,457 "
UT	2003Q1	"$160,846 "	"$140,744 "
UT	2003Q2	"$163,693 "	"$143,069 "
UT	2003Q3	"$165,614 "	"$144,443 "
UT	2003Q4	"$165,818 "	"$144,478 "
UT	2004Q1	"$167,040 "	"$145,328 "
UT	2004Q2	"$173,708 "	"$150,820 "
UT	2004Q3	"$177,405 "	"$153,468 "
UT	2004Q4	"$180,945 "	"$155,806 "
UT	2005Q1	"$186,569 "	"$160,194 "
UT	2005Q2	"$194,772 "	"$166,726 "
UT	2005Q3	"$205,179 "	"$175,045 "
UT	2005Q4	"$213,291 "	"$181,395 "
UT	2006Q1	"$222,081 "	"$188,459 "
UT	2006Q2	"$235,014 "	"$198,849 "
UT	2006Q3	"$245,603 "	"$207,740 "
UT	2006Q4	"$256,805 "	"$216,938 "
UT	2007Q1	"$262,787 "	"$221,858 "
UT	2007Q2	"$275,006 "	"$231,897 "
UT	2007Q3	"$278,137 "	"$234,372 "
UT	2007Q4	"$271,981 "	"$229,554 "
UT	2008Q1	"$269,271 "	"$227,254 "
UT	2008Q2	"$267,303 "	"$226,009 "
UT	2008Q3	"$263,369 "	"$222,758 "
UT	2008Q4	"$249,939 "	"$211,593 "
UT	2009Q1	"$240,418 "	"$203,729 "
UT	2009Q2	"$237,882 "	"$202,054 "
UT	2009Q3	"$234,794 "	"$199,920 "
UT	2009Q4	"$229,653 "	"$196,381 "
UT	2010Q1	"$219,928 "	"$188,542 "
UT	2010Q2	"$226,030 "	"$194,147 "
VA	2000Q1	"$151,209 "	"$130,500 "
VA	2000Q2	"$156,747 "	"$135,153 "
VA	2000Q3	"$160,742 "	"$138,406 "
VA	2000Q4	"$162,827 "	"$140,137 "
VA	2001Q1	"$167,532 "	"$144,081 "
VA	2001Q2	"$173,754 "	"$149,283 "
VA	2001Q3	"$178,607 "	"$153,201 "
VA	2001Q4	"$180,805 "	"$154,856 "
VA	2002Q1	"$185,765 "	"$158,742 "
VA	2002Q2	"$193,930 "	"$165,549 "
VA	2002Q3	"$199,260 "	"$169,975 "
VA	2002Q4	"$202,795 "	"$172,873 "
VA	2003Q1	"$208,403 "	"$177,617 "
VA	2003Q2	"$216,718 "	"$184,507 "
VA	2003Q3	"$222,893 "	"$189,655 "
VA	2003Q4	"$228,927 "	"$194,888 "
VA	2004Q1	"$236,444 "	"$200,959 "
VA	2004Q2	"$248,853 "	"$211,269 "
VA	2004Q3	"$261,218 "	"$221,699 "
VA	2004Q4	"$269,338 "	"$228,856 "
VA	2005Q1	"$281,662 "	"$239,477 "
VA	2005Q2	"$299,653 "	"$254,984 "
VA	2005Q3	"$312,454 "	"$265,948 "
VA	2005Q4	"$317,701 "	"$270,579 "
VA	2006Q1	"$322,409 "	"$274,515 "
VA	2006Q2	"$329,650 "	"$280,750 "
VA	2006Q3	"$327,004 "	"$278,534 "
VA	2006Q4	"$325,700 "	"$277,679 "
VA	2007Q1	"$321,238 "	"$274,254 "
VA	2007Q2	"$320,924 "	"$274,114 "
VA	2007Q3	"$314,171 "	"$268,595 "
VA	2007Q4	"$303,058 "	"$259,288 "
VA	2008Q1	"$289,619 "	"$247,705 "
VA	2008Q2	"$285,939 "	"$244,567 "
VA	2008Q3	"$275,794 "	"$235,929 "
VA	2008Q4	"$262,382 "	"$224,110 "
VA	2009Q1	"$256,672 "	"$219,148 "
VA	2009Q2	"$261,149 "	"$222,997 "
VA	2009Q3	"$264,549 "	"$225,960 "
VA	2009Q4	"$267,487 "	"$228,420 "
VA	2010Q1	"$260,603 "	"$222,720 "
VA	2010Q2	"$268,338 "	"$229,420 "
VT	2000Q1	"$136,132 "	"$120,662 "
VT	2000Q2	"$143,083 "	"$126,744 "
VT	2000Q3	"$145,612 "	"$129,040 "
VT	2000Q4	"$149,099 "	"$131,621 "
VT	2001Q1	"$151,296 "	"$133,463 "
VT	2001Q2	"$158,243 "	"$139,391 "
VT	2001Q3	"$159,127 "	"$139,870 "
VT	2001Q4	"$163,171 "	"$143,444 "
VT	2002Q1	"$164,547 "	"$144,168 "
VT	2002Q2	"$170,022 "	"$148,747 "
VT	2002Q3	"$176,044 "	"$153,651 "
VT	2002Q4	"$177,161 "	"$154,281 "
VT	2003Q1	"$178,690 "	"$155,306 "
VT	2003Q2	"$183,621 "	"$159,370 "
VT	2003Q3	"$190,972 "	"$165,509 "
VT	2003Q4	"$195,184 "	"$168,704 "
VT	2004Q1	"$198,719 "	"$172,122 "
VT	2004Q2	"$213,463 "	"$184,669 "
VT	2004Q3	"$217,596 "	"$187,791 "
VT	2004Q4	"$221,545 "	"$190,667 "
VT	2005Q1	"$228,149 "	"$195,323 "
VT	2005Q2	"$240,219 "	"$205,764 "
VT	2005Q3	"$243,639 "	"$208,519 "
VT	2005Q4	"$245,345 "	"$209,833 "
VT	2006Q1	"$242,865 "	"$207,744 "
VT	2006Q2	"$255,893 "	"$218,541 "
VT	2006Q3	"$256,463 "	"$218,994 "
VT	2006Q4	"$261,436 "	"$223,187 "
VT	2007Q1	"$254,895 "	"$218,494 "
VT	2007Q2	"$263,102 "	"$225,322 "
VT	2007Q3	"$258,823 "	"$222,209 "
VT	2007Q4	"$252,247 "	"$216,487 "
VT	2008Q1	"$259,081 "	"$222,516 "
VT	2008Q2	"$250,140 "	"$215,486 "
VT	2008Q3	"$249,007 "	"$214,420 "
VT	2008Q4	"$243,527 "	"$210,058 "
VT	2009Q1	"$243,838 "	"$208,819 "
VT	2009Q2	"$254,222 "	"$217,763 "
VT	2009Q3	"$247,582 "	"$212,515 "
VT	2009Q4	"$235,829 "	"$202,698 "
VT	2010Q1	"$236,358 "	"$203,483 "
VT	2010Q2	"$236,773 "	"$203,970 "
WA	2000Q1	"$185,389 "	"$161,790 "
WA	2000Q2	"$190,082 "	"$165,395 "
WA	2000Q3	"$192,410 "	"$166,980 "
WA	2000Q4	"$192,631 "	"$166,911 "
WA	2001Q1	"$195,309 "	"$169,123 "
WA	2001Q2	"$199,110 "	"$172,276 "
WA	2001Q3	"$202,090 "	"$174,773 "
WA	2001Q4	"$203,055 "	"$175,404 "
WA	2002Q1	"$204,764 "	"$176,968 "
WA	2002Q2	"$210,240 "	"$181,776 "
WA	2002Q3	"$211,975 "	"$183,364 "
WA	2002Q4	"$213,300 "	"$184,716 "
WA	2003Q1	"$215,463 "	"$186,610 "
WA	2003Q2	"$221,294 "	"$191,760 "
WA	2003Q3	"$225,675 "	"$195,829 "
WA	2003Q4	"$228,353 "	"$198,221 "
WA	2004Q1	"$231,798 "	"$201,462 "
WA	2004Q2	"$241,525 "	"$210,049 "
WA	2004Q3	"$248,995 "	"$216,796 "
WA	2004Q4	"$255,440 "	"$222,737 "
WA	2005Q1	"$263,427 "	"$229,978 "
WA	2005Q2	"$277,936 "	"$243,015 "
WA	2005Q3	"$291,073 "	"$254,949 "
WA	2005Q4	"$299,618 "	"$262,573 "
WA	2006Q1	"$310,906 "	"$272,296 "
WA	2006Q2	"$323,746 "	"$283,320 "
WA	2006Q3	"$332,415 "	"$290,725 "
WA	2006Q4	"$336,486 "	"$294,182 "
WA	2007Q1	"$340,606 "	"$297,596 "
WA	2007Q2	"$347,730 "	"$303,473 "
WA	2007Q3	"$346,357 "	"$302,076 "
WA	2007Q4	"$339,120 "	"$295,565 "
WA	2008Q1	"$331,246 "	"$288,711 "
WA	2008Q2	"$330,130 "	"$287,625 "
WA	2008Q3	"$321,082 "	"$279,613 "
WA	2008Q4	"$301,810 "	"$262,902 "
WA	2009Q1	"$289,518 "	"$251,950 "
WA	2009Q2	"$288,691 "	"$251,509 "
WA	2009Q3	"$289,541 "	"$252,341 "
WA	2009Q4	"$284,796 "	"$248,341 "
WA	2010Q1	"$278,485 "	"$242,989 "
WA	2010Q2	"$284,782 "	"$248,555 "
WI	2000Q1	"$127,765 "	"$114,096 "
WI	2000Q2	"$131,572 "	"$117,380 "
WI	2000Q3	"$133,856 "	"$119,382 "
WI	2000Q4	"$134,526 "	"$119,824 "
WI	2001Q1	"$136,214 "	"$121,275 "
WI	2001Q2	"$139,584 "	"$124,239 "
WI	2001Q3	"$142,041 "	"$126,316 "
WI	2001Q4	"$143,307 "	"$127,217 "
WI	2002Q1	"$144,608 "	"$128,245 "
WI	2002Q2	"$147,952 "	"$131,189 "
WI	2002Q3	"$151,236 "	"$133,896 "
WI	2002Q4	"$152,730 "	"$134,965 "
WI	2003Q1	"$154,663 "	"$136,492 "
WI	2003Q2	"$158,288 "	"$139,655 "
WI	2003Q3	"$161,798 "	"$142,591 "
WI	2003Q4	"$163,655 "	"$144,203 "
WI	2004Q1	"$164,388 "	"$144,775 "
WI	2004Q2	"$168,616 "	"$148,567 "
WI	2004Q3	"$172,653 "	"$152,252 "
WI	2004Q4	"$174,957 "	"$154,185 "
WI	2005Q1	"$175,513 "	"$154,765 "
WI	2005Q2	"$180,861 "	"$159,459 "
WI	2005Q3	"$184,167 "	"$162,226 "
WI	2005Q4	"$185,261 "	"$163,120 "
WI	2006Q1	"$186,587 "	"$163,973 "
WI	2006Q2	"$189,969 "	"$166,814 "
WI	2006Q3	"$190,962 "	"$167,601 "
WI	2006Q4	"$189,356 "	"$166,230 "
WI	2007Q1	"$188,068 "	"$165,077 "
WI	2007Q2	"$191,519 "	"$167,942 "
WI	2007Q3	"$190,332 "	"$166,924 "
WI	2007Q4	"$186,856 "	"$163,875 "
WI	2008Q1	"$185,905 "	"$162,744 "
WI	2008Q2	"$185,586 "	"$162,436 "
WI	2008Q3	"$183,921 "	"$160,977 "
WI	2008Q4	"$178,827 "	"$156,237 "
WI	2009Q1	"$177,166 "	"$154,199 "
WI	2009Q2	"$180,561 "	"$156,791 "
WI	2009Q3	"$179,658 "	"$155,895 "
WI	2009Q4	"$178,500 "	"$154,602 "
WI	2010Q1	"$173,526 "	"$150,131 "
WI	2010Q2	"$177,864 "	"$153,935 "
WV	2000Q1	"$82,377 "	"$67,531 "
WV	2000Q2	"$86,348 "	"$70,674 "
WV	2000Q3	"$85,596 "	"$70,029 "
WV	2000Q4	"$85,719 "	"$70,094 "
WV	2001Q1	"$87,352 "	"$72,029 "
WV	2001Q2	"$89,008 "	"$73,428 "
WV	2001Q3	"$91,393 "	"$75,295 "
WV	2001Q4	"$92,227 "	"$75,910 "
WV	2002Q1	"$91,842 "	"$75,605 "
WV	2002Q2	"$96,273 "	"$79,124 "
WV	2002Q3	"$100,687 "	"$82,736 "
WV	2002Q4	"$103,310 "	"$84,935 "
WV	2003Q1	"$106,293 "	"$87,594 "
WV	2003Q2	"$109,807 "	"$90,518 "
WV	2003Q3	"$112,307 "	"$92,601 "
WV	2003Q4	"$113,154 "	"$93,375 "
WV	2004Q1	"$115,592 "	"$95,246 "
WV	2004Q2	"$121,079 "	"$99,549 "
WV	2004Q3	"$125,125 "	"$103,049 "
WV	2004Q4	"$128,191 "	"$105,548 "
WV	2005Q1	"$130,711 "	"$107,589 "
WV	2005Q2	"$135,848 "	"$111,927 "
WV	2005Q3	"$143,128 "	"$118,028 "
WV	2005Q4	"$142,173 "	"$117,345 "
WV	2006Q1	"$147,133 "	"$121,207 "
WV	2006Q2	"$149,163 "	"$122,839 "
WV	2006Q3	"$151,575 "	"$124,865 "
WV	2006Q4	"$149,008 "	"$122,745 "
WV	2007Q1	"$155,142 "	"$127,957 "
WV	2007Q2	"$156,664 "	"$129,489 "
WV	2007Q3	"$159,141 "	"$131,748 "
WV	2007Q4	"$156,063 "	"$129,094 "
WV	2008Q1	"$151,812 "	"$125,433 "
WV	2008Q2	"$154,781 "	"$128,052 "
WV	2008Q3	"$150,295 "	"$124,776 "
WV	2008Q4	"$152,350 "	"$126,829 "
WV	2009Q1	"$147,257 "	"$123,446 "
WV	2009Q2	"$148,040 "	"$124,768 "
WV	2009Q3	"$149,506 "	"$126,652 "
WV	2009Q4	"$145,544 "	"$123,715 "
WV	2010Q1	"$147,858 "	"$126,273 "
WV	2010Q2	"$150,706 "	"$129,369 "
WY	2000Q1	"$112,031 "	"$95,588 "
WY	2000Q2	"$115,862 "	"$98,731 "
WY	2000Q3	"$117,103 "	"$99,530 "
WY	2000Q4	"$119,616 "	"$101,593 "
WY	2001Q1	"$119,782 "	"$101,766 "
WY	2001Q2	"$122,438 "	"$104,051 "
WY	2001Q3	"$124,933 "	"$105,944 "
WY	2001Q4	"$128,856 "	"$109,293 "
WY	2002Q1	"$131,018 "	"$111,301 "
WY	2002Q2	"$135,519 "	"$115,201 "
WY	2002Q3	"$137,793 "	"$117,297 "
WY	2002Q4	"$139,155 "	"$118,071 "
WY	2003Q1	"$139,842 "	"$118,531 "
WY	2003Q2	"$146,879 "	"$124,593 "
WY	2003Q3	"$151,506 "	"$128,175 "
WY	2003Q4	"$151,919 "	"$128,661 "
WY	2004Q1	"$157,326 "	"$133,341 "
WY	2004Q2	"$159,578 "	"$135,844 "
WY	2004Q3	"$165,066 "	"$140,432 "
WY	2004Q4	"$167,468 "	"$142,341 "
WY	2005Q1	"$171,831 "	"$146,211 "
WY	2005Q2	"$179,258 "	"$152,628 "
WY	2005Q3	"$184,571 "	"$157,215 "
WY	2005Q4	"$189,300 "	"$160,977 "
WY	2006Q1	"$195,554 "	"$166,240 "
WY	2006Q2	"$204,529 "	"$173,439 "
WY	2006Q3	"$210,083 "	"$178,472 "
WY	2006Q4	"$217,073 "	"$183,795 "
WY	2007Q1	"$222,704 "	"$188,399 "
WY	2007Q2	"$231,264 "	"$195,442 "
WY	2007Q3	"$235,421 "	"$198,673 "
WY	2007Q4	"$230,159 "	"$195,266 "
WY	2008Q1	"$230,908 "	"$196,371 "
WY	2008Q2	"$229,474 "	"$195,480 "
WY	2008Q3	"$230,797 "	"$197,705 "
WY	2008Q4	"$221,221 "	"$190,145 "
WY	2009Q1	"$214,481 "	"$184,530 "
WY	2009Q2	"$222,368 "	"$191,196 "
WY	2009Q3	"$218,367 "	"$188,569 "
WY	2009Q4	"$214,820 "	"$185,552 "
WY	2010Q1	"$205,535 "	"$178,503 "
WY	2010Q2	"$211,127 "	"$183,202 "
